user,frame,r0,r1,r2,r3,r4,r5,r6,r7,r8,r9,r10,r11,r12
31,1,1,1,1,1,1,1,1,1,1,1,1,1,
31,2,1,1,1,1,1,1,1,1,1,1,1,1,
31,3,1,1,1,1,1,1,1,1,1,1,1,1,
31,4,1,1,1,1,1,1,1,1,1,1,1,1,
31,5,1,1,1,1,1,1,1,1,1,1,1,1,
31,6,1,1,1,1,1,1,1,1,1,1,1,1,
31,7,1,1,1,1,1,1,1,1,1,1,1,1,
31,8,1,1,1,1,1,1,1,1,1,1,1,1,
31,9,1,1,1,1,1,1,1,1,1,1,1,1,
31,10,1,1,1,1,1,1,1,1,1,1,1,1,
31,11,1,1,1,1,1,1,1,1,1,1,1,1,
31,12,1,1,1,1,1,1,1,1,1,1,1,1,
31,13,1,1,1,1,1,1,1,1,1,1,1,1,
31,14,1,1,1,1,1,1,1,1,1,1,1,1,
31,15,1,1,1,1,1,1,1,1,1,1,1,1,
31,16,1,1,1,1,1,1,1,1,1,1,1,1,
31,17,1,1,1,1,1,1,1,1,1,1,1,1,
31,18,1,1,1,1,1,1,1,1,1,1,1,1,
31,19,1,1,1,1,1,1,1,1,1,1,1,1,
31,20,1,1,1,1,1,1,1,1,1,1,1,1,
31,21,1,1,1,1,1,1,1,1,1,1,1,1,
31,22,1,1,1,1,1,1,1,1,1,1,1,1,
31,23,1,1,1,1,1,1,1,1,1,1,1,1,
31,24,1,1,1,1,1,1,1,1,1,1,1,1,
31,25,1,1,1,1,1,1,1,1,1,1,1,1,
31,26,1,1,1,1,1,1,1,1,1,1,1,1,
31,27,1,1,1,1,1,1,1,1,1,1,1,1,
31,28,1,1,1,1,1,1,1,1,1,1,1,1,
31,29,1,1,1,1,1,1,1,1,1,1,1,1,
31,30,1,1,1,1,1,1,1,1,1,1,1,1,
31,31,1,1,1,1,1,1,1,1,1,1,1,1,
31,32,1,1,1,1,1,1,1,1,1,1,1,1,
31,33,1,1,1,1,1,1,1,1,1,1,1,1,
31,34,1,1,1,1,1,1,1,1,1,1,1,1,
31,35,1,1,1,1,1,1,1,1,1,1,1,1,
31,36,1,1,1,1,1,1,1,1,1,1,1,1,
31,37,1,1,1,1,1,1,1,1,1,1,1,1,
31,38,1,1,1,1,1,1,1,1,1,1,1,1,
31,39,1,1,1,1,1,1,1,1,1,1,1,1,
31,40,1,1,1,1,1,1,1,1,1,1,1,1,
31,41,1,1,1,1,1,1,1,1,1,1,1,1,
31,42,1,1,1,1,1,1,1,1,1,1,1,1,
31,43,1,1,1,1,1,1,1,1,1,1,1,1,
31,44,1,1,1,1,1,1,1,1,1,1,1,1,
31,45,1,1,1,1,1,1,1,1,1,1,1,1,
31,46,1,1,1,1,1,1,1,1,1,1,1,1,
31,47,1,1,1,1,1,1,1,1,1,1,1,1,
31,48,1,1,1,1,1,1,1,1,1,1,1,1,
31,49,1,1,1,1,1,1,1,1,1,1,1,1,
31,50,1,1,1,1,1,1,1,1,1,1,1,1,
31,51,1,1,1,1,1,1,1,1,1,1,1,1,
31,52,1,1,1,1,1,1,1,1,1,1,1,1,
31,53,1,1,1,1,1,1,1,1,1,1,1,1,
31,54,1,1,1,1,1,1,1,1,1,1,1,1,
31,55,1,1,1,1,1,1,1,1,1,1,1,1,
31,56,1,1,1,1,1,1,1,1,1,1,1,1,
31,57,1,1,1,1,1,1,1,1,1,1,1,1,
31,58,1,1,1,1,1,1,1,1,1,1,1,1,
31,59,1,1,1,1,1,1,1,1,1,1,1,1,
31,60,1,1,1,1,1,1,1,1,1,1,1,1,
31,61,1,1,1,1,1,1,1,1,1,1,1,1,
31,62,1,1,1,1,1,1,1,1,1,1,1,1,
31,63,1,1,1,1,1,1,1,1,1,1,1,1,
31,64,1,1,1,1,1,1,1,1,1,1,1,1,
31,65,1,1,1,1,1,1,1,1,1,1,1,1,
31,66,1,1,1,1,1,1,1,1,1,1,1,1,
31,67,1,1,1,1,1,1,1,1,1,1,1,1,
31,68,1,1,1,1,1,1,1,1,1,1,1,1,
31,69,1,1,1,1,1,1,1,1,1,1,1,1,
31,70,1,1,1,1,1,1,1,1,1,1,1,1,
31,71,1,1,1,1,1,1,1,1,1,1,1,1,
31,72,1,1,1,1,1,1,1,1,1,1,1,1,
31,73,1,1,1,1,1,1,1,1,1,1,1,1,
31,74,1,1,1,1,1,1,1,1,1,1,1,1,
31,75,1,1,1,1,1,1,1,1,1,1,1,1,
31,76,1,1,1,1,1,1,1,1,1,1,1,1,
31,77,1,1,1,1,1,1,1,1,1,1,1,1,
31,78,1,1,1,1,1,1,1,1,1,1,1,1,
31,79,1,1,1,1,1,1,1,1,1,1,1,1,
31,80,1,1,1,1,1,1,1,1,1,1,1,1,
31,81,1,1,1,1,1,1,1,1,1,1,1,1,
31,82,1,1,1,1,1,1,1,1,1,1,1,1,
31,83,1,1,1,1,1,1,1,1,1,1,1,1,
31,84,1,1,1,1,1,1,1,1,1,1,1,1,
31,85,1,1,1,1,1,1,1,1,1,1,1,1,
31,86,1,1,1,1,1,1,1,1,1,1,1,1,
31,87,1,1,1,1,1,1,1,1,1,1,1,1,
31,88,1,1,1,1,1,1,1,1,1,1,1,1,
31,89,1,1,1,1,1,1,1,1,1,1,1,1,
31,90,1,1,1,1,1,1,1,1,1,1,1,1,
31,91,1,1,1,1,1,1,1,1,1,1,1,1,
31,92,1,1,1,1,1,1,1,1,1,1,1,1,
31,93,1,1,1,1,1,1,1,1,1,1,1,1,
31,94,1,1,1,1,1,1,1,1,1,1,1,1,
31,95,1,1,1,1,1,1,1,1,1,1,1,1,
31,96,1,1,1,1,1,1,1,1,1,1,1,1,
31,97,1,1,1,1,1,1,1,1,1,1,1,1,
31,98,1,1,1,1,1,1,1,1,1,1,1,1,
31,99,1,1,1,1,1,1,1,1,1,1,1,1,
31,100,1,1,1,1,1,1,1,1,1,1,1,1,
31,101,1,1,1,1,1,1,1,1,1,1,1,1,
31,102,1,1,1,1,1,1,1,1,1,1,1,1,
31,103,1,1,1,1,1,1,1,1,1,1,1,1,
31,104,1,1,1,1,1,1,1,1,1,1,1,1,
31,105,1,1,1,1,1,1,1,1,1,1,1,1,
31,106,1,1,1,1,1,1,1,1,1,1,1,1,
31,107,1,1,1,1,1,1,1,1,1,1,1,1,
31,108,1,1,1,1,1,1,1,1,1,1,1,1,
31,109,1,1,1,1,1,1,1,1,1,1,1,1,
31,110,1,1,1,1,1,1,1,1,1,1,1,1,
31,111,1,1,1,1,1,1,1,1,1,1,1,1,
31,112,1,1,1,1,1,1,1,1,1,1,1,1,
31,113,1,1,1,1,1,1,1,1,1,1,1,1,
31,114,1,1,1,1,1,1,1,1,1,1,1,1,
31,115,1,1,1,1,1,1,1,1,1,1,1,1,
31,116,1,1,1,1,1,1,1,1,1,1,1,1,
31,117,1,1,1,1,1,1,1,1,1,1,1,1,
31,118,1,1,1,1,1,1,1,1,1,1,1,1,
31,119,1,1,1,1,1,1,1,1,1,1,1,1,
31,120,1,1,1,1,1,1,1,1,1,1,1,1,
31,121,1,1,1,1,1,1,1,1,1,1,1,1,
31,122,1,1,1,1,1,1,1,1,1,1,1,1,
31,123,1,1,1,1,1,1,1,1,1,1,1,1,
31,124,1,1,1,1,1,1,1,1,1,1,1,1,
31,125,1,1,1,1,1,1,1,1,1,1,1,1,
31,126,1,1,1,1,1,1,1,1,1,1,1,1,
31,127,1,1,1,1,1,1,1,1,1,1,1,1,
31,128,1,1,1,1,1,1,1,1,1,1,1,1,
31,129,1,1,1,1,1,1,1,1,1,1,1,1,
31,130,1,1,1,1,1,1,1,1,1,1,1,1,
31,131,1,1,1,1,1,1,1,1,1,1,1,1,
31,132,1,1,1,1,1,1,1,1,1,1,1,1,
31,133,1,1,1,1,1,1,1,1,1,1,1,1,
31,134,1,1,1,1,1,1,1,1,1,1,1,1,
31,135,1,1,1,1,1,1,1,1,1,1,1,1,
31,136,1,1,1,1,1,1,1,1,1,1,1,1,
31,137,1,1,1,1,1,1,1,1,1,1,1,1,
31,138,1,1,1,1,1,1,1,1,1,1,1,1,
31,139,1,1,1,1,1,1,1,1,1,1,1,1,
31,140,1,1,1,1,1,1,1,1,1,1,1,1,
31,141,1,1,1,1,1,1,1,1,1,1,1,1,
31,142,1,1,1,1,1,1,1,1,1,1,1,1,
31,143,1,1,1,1,1,1,1,1,1,1,1,1,
31,144,1,1,1,1,1,1,1,1,1,1,1,1,
31,145,1,1,1,1,1,1,1,1,1,1,1,1,
31,146,1,1,1,1,1,1,1,1,1,1,1,1,
31,147,1,1,1,1,1,1,1,1,1,1,1,1,
31,148,1,1,1,1,1,1,1,1,1,1,1,1,
31,149,1,1,1,1,1,1,1,1,1,1,1,1,
31,150,1,1,1,1,1,1,1,1,1,1,1,1,
31,151,1,1,1,1,1,1,1,1,1,1,1,1,
31,152,1,1,1,1,1,1,1,1,1,1,1,1,
31,153,1,1,1,1,1,1,1,1,1,1,1,1,
31,154,1,1,1,1,1,1,1,1,1,1,1,1,
31,155,1,1,1,1,1,1,1,1,1,1,1,1,
31,156,1,1,1,1,1,1,1,1,1,1,1,1,
31,157,1,1,1,1,1,1,1,1,1,1,1,1,
31,158,1,1,1,1,1,1,1,1,1,1,1,1,
31,159,1,1,1,1,1,1,1,1,1,1,1,1,
31,160,1,1,1,1,1,1,1,1,1,1,1,1,
31,161,1,1,1,1,1,1,1,1,1,1,1,1,
31,162,1,1,1,1,1,1,1,1,1,1,1,1,
31,163,1,1,1,1,1,1,1,1,1,1,1,1,
31,164,1,1,1,1,1,1,1,1,1,1,1,1,
31,165,1,1,1,1,1,1,1,1,1,1,1,1,
31,166,1,1,1,1,1,1,1,1,1,1,1,1,
31,167,1,1,1,1,1,1,1,1,1,1,1,1,
31,168,1,1,1,1,1,1,1,1,1,1,1,1,
31,169,1,1,1,1,1,1,1,1,1,1,1,1,
31,170,1,1,1,1,1,1,1,1,1,1,1,1,
31,171,1,1,1,1,1,1,1,1,1,1,1,1,
31,172,1,1,1,1,1,1,1,1,1,1,1,1,
31,173,1,1,1,1,1,1,1,1,1,1,1,1,
31,174,1,1,1,1,1,1,1,1,1,1,1,1,
31,175,1,1,1,1,1,1,1,1,1,1,1,1,
31,176,1,1,1,1,1,1,1,1,1,1,1,1,
31,177,1,1,1,1,1,1,1,1,1,1,1,1,
31,178,1,1,1,1,1,1,1,1,1,1,1,1,
31,179,1,1,1,1,1,1,1,1,1,1,1,1,
31,180,1,1,1,1,1,1,1,1,1,1,1,1,
31,181,1,1,1,1,1,1,1,1,1,1,1,1,
31,182,1,1,1,1,1,1,1,1,1,1,1,1,
31,183,1,1,1,1,1,1,1,1,1,1,1,1,
31,184,1,1,1,1,1,1,1,1,1,1,1,1,
31,185,1,1,1,1,1,1,1,1,1,1,1,1,
31,186,1,1,1,1,1,1,1,1,1,1,1,1,
31,187,1,1,1,1,1,1,1,1,1,1,1,1,
31,188,1,1,1,1,1,1,1,1,1,1,1,1,
31,189,1,1,1,1,1,1,1,1,1,1,1,1,
31,190,1,1,1,1,1,1,1,1,1,1,1,1,
31,191,1,1,1,1,1,1,1,1,1,1,1,1,
31,192,1,1,1,1,1,1,1,1,1,1,1,1,
31,193,1,1,1,1,1,1,1,1,1,1,1,1,
31,194,1,1,1,1,1,1,1,1,1,1,1,1,
31,195,1,1,1,1,1,1,1,1,1,1,1,1,
31,196,1,1,1,1,1,1,1,1,1,1,1,1,
31,197,1,1,1,1,1,1,1,1,1,1,1,1,
31,198,1,1,1,1,1,1,1,1,1,1,1,1,
31,199,1,1,1,1,1,1,1,1,1,1,1,1,
31,200,1,1,1,1,1,1,1,1,1,1,1,1,
31,201,1,1,1,1,1,1,1,1,1,1,1,1,
31,202,1,1,1,1,1,1,1,1,1,1,1,1,
31,203,1,1,1,1,1,1,1,1,1,1,1,1,
31,204,1,1,1,1,1,1,1,1,1,1,1,1,
31,205,1,1,1,1,1,1,1,1,1,1,1,1,
31,206,1,1,1,1,1,1,1,1,1,1,1,1,
31,207,1,1,1,1,1,1,1,1,1,1,1,1,
31,208,1,1,1,1,1,1,1,1,1,1,1,1,
31,209,1,1,1,1,1,1,1,1,1,1,1,1,
31,210,1,1,1,1,1,1,1,1,1,1,1,1,
31,211,1,1,1,1,1,1,1,1,1,1,1,1,
31,212,1,1,1,1,1,1,1,1,1,1,1,1,
31,213,1,1,1,1,1,1,1,1,1,1,1,1,
31,214,1,1,1,1,1,1,1,1,1,1,1,1,
31,215,1,1,1,1,1,1,1,1,1,1,1,1,
31,216,1,1,1,1,1,1,1,1,1,1,1,1,
31,217,1,1,1,1,1,1,1,1,1,1,1,1,
31,218,1,1,1,1,1,1,1,1,1,1,1,1,
31,219,1,1,1,1,1,1,1,1,1,1,1,1,
31,220,1,1,1,1,1,1,1,1,1,1,1,1,
31,221,1,1,1,1,1,1,1,1,1,1,1,1,
31,222,1,1,1,1,1,1,1,1,1,1,1,1,
31,223,1,1,1,1,1,1,1,1,1,1,1,1,
31,224,1,1,1,1,1,1,1,1,1,1,1,1,
31,225,1,1,1,1,1,1,1,1,1,1,1,1,
31,226,1,1,1,1,1,1,1,1,1,1,1,1,
31,227,1,1,1,1,1,1,1,1,1,1,1,1,
31,228,1,1,1,1,1,1,1,1,1,1,1,1,
31,229,1,1,1,1,1,1,1,1,1,1,1,1,
31,230,1,1,1,1,1,1,1,1,1,1,1,1,
31,231,1,1,1,1,1,1,1,1,1,1,1,1,
31,232,1,1,1,1,1,1,1,1,1,1,1,1,
31,233,1,1,1,1,1,1,1,1,1,1,1,1,
31,234,1,1,1,1,1,1,1,1,1,1,1,1,
31,235,1,1,1,1,1,1,1,1,1,1,1,1,
31,236,1,1,1,1,1,1,1,1,1,1,1,1,
31,237,1,1,1,1,1,1,1,1,1,1,1,1,
31,238,1,1,1,1,1,1,1,1,1,1,1,1,
31,239,1,1,1,1,1,1,1,1,1,1,1,1,
31,240,1,1,1,1,1,1,1,1,1,1,1,1,
31,241,1,1,1,1,1,1,1,1,1,1,1,1,
31,242,1,1,1,1,1,1,1,1,1,1,1,1,
31,243,1,1,1,1,1,1,1,1,1,1,1,1,
31,244,1,1,1,1,1,1,1,1,1,1,1,1,
31,245,1,1,1,1,1,1,1,1,1,1,1,1,
31,246,1,1,1,1,1,1,1,1,1,1,1,1,
31,247,1,1,1,1,1,1,1,1,1,1,1,1,
31,248,1,1,1,1,1,1,1,1,1,1,1,1,
31,249,1,1,1,1,1,1,1,1,1,1,1,1,
31,250,1,1,1,1,1,1,1,1,1,1,1,1,
31,251,1,1,1,1,1,1,1,1,1,1,1,1,
31,252,1,1,1,1,1,1,1,1,1,1,1,1,
31,253,1,1,1,1,1,1,1,1,1,1,1,1,
31,254,1,1,1,1,1,1,1,1,1,1,1,1,
31,255,1,1,1,1,1,1,1,1,1,1,1,1,
31,256,1,1,1,1,1,1,1,1,1,1,1,1,
31,257,1,1,1,1,1,1,1,1,1,1,1,1,
31,258,1,1,1,1,1,1,1,1,1,1,1,1,
31,259,1,1,1,1,1,1,1,1,1,1,1,1,
31,260,1,1,1,1,1,1,1,1,1,1,1,1,
31,261,1,1,1,1,1,1,1,1,1,1,1,1,
31,262,1,1,1,1,1,1,1,1,1,1,1,1,
31,263,1,1,1,1,1,1,1,1,1,1,1,1,
31,264,1,1,1,1,1,1,1,1,1,1,1,1,
31,265,1,1,1,1,1,1,1,1,1,1,1,1,
31,266,1,1,1,1,1,1,1,1,1,1,1,1,
31,267,1,1,1,1,1,1,1,1,1,1,1,1,
31,268,1,1,1,1,1,1,1,1,1,1,1,1,
31,269,1,1,1,1,1,1,1,1,1,1,1,1,
31,270,1,1,1,1,1,1,1,1,1,1,1,1,
31,271,1,1,1,1,1,1,1,1,1,1,1,1,
31,272,1,1,1,1,1,1,1,1,1,1,1,1,
31,273,1,1,1,1,1,1,1,1,1,1,1,1,
31,274,1,1,1,1,1,1,1,1,1,1,1,1,
31,275,1,1,1,1,1,1,1,1,1,1,1,1,
31,276,1,1,1,1,1,1,1,1,1,1,1,1,
31,277,1,1,1,1,1,1,1,1,1,1,1,1,
31,278,1,1,1,1,1,1,1,1,1,1,1,1,
31,279,1,1,1,1,1,1,1,1,1,1,1,1,
31,280,1,1,1,1,1,1,1,1,1,1,1,1,
31,281,1,1,1,1,1,1,1,1,1,1,1,1,
31,282,1,1,1,1,1,1,1,1,1,1,1,1,
31,283,1,1,1,1,1,1,1,1,1,1,1,1,
31,284,1,1,1,1,1,1,1,1,1,1,1,1,
31,285,1,1,1,1,1,1,1,1,1,1,1,1,
31,286,1,1,1,1,1,1,1,1,1,1,1,1,
31,287,1,1,1,1,1,1,1,1,1,1,1,1,
31,288,1,1,1,1,1,1,1,1,1,1,1,1,
31,289,1,1,1,1,1,1,1,1,1,1,1,1,
31,290,1,1,1,1,1,1,1,1,1,1,1,1,
31,291,1,1,1,1,1,1,1,1,1,1,1,1,
31,292,1,1,1,1,1,1,1,1,1,1,1,1,
31,293,1,1,1,1,1,1,1,1,1,1,1,1,
31,294,1,1,1,1,1,1,1,1,1,1,1,1,
31,295,1,1,1,1,1,1,1,1,1,1,1,1,
31,296,1,1,1,1,1,1,1,1,1,1,1,1,
31,297,1,1,1,1,1,1,1,1,1,1,1,1,
31,298,1,1,1,1,1,1,1,1,1,1,1,1,
31,299,1,1,1,1,1,1,1,1,1,1,1,1,
31,300,1,1,1,1,1,1,1,1,1,1,1,1,
32,1,1,1,1,1,1,1,1,1,1,1,1,1,
32,2,1,1,1,1,1,1,1,1,1,1,1,1,
32,3,1,1,1,1,1,1,1,1,1,1,1,1,
32,4,1,1,1,1,1,1,1,1,1,1,1,1,
32,5,1,1,1,1,1,1,1,1,1,1,1,1,
32,6,1,1,1,1,1,1,1,1,1,1,1,1,
32,7,1,1,1,1,1,1,1,1,1,1,1,1,
32,8,1,1,1,1,1,1,1,1,1,1,1,1,
32,9,1,1,1,1,1,1,1,1,1,1,1,1,
32,10,1,1,1,1,1,1,1,1,1,1,1,1,
32,11,1,1,1,1,1,1,1,1,1,1,1,1,
32,12,1,1,1,1,1,1,1,1,1,1,1,1,
32,13,1,1,1,1,1,1,1,1,1,1,1,1,
32,14,1,1,1,1,1,1,1,1,1,1,1,1,
32,15,1,1,1,1,1,1,1,1,1,1,1,1,
32,16,1,1,1,1,1,1,1,1,1,1,1,1,
32,17,1,1,1,1,1,1,1,1,1,1,1,1,
32,18,1,1,1,1,1,1,1,1,1,1,1,1,
32,19,1,1,1,1,1,1,1,1,1,1,1,1,
32,20,1,1,1,1,1,1,1,1,1,1,1,1,
32,21,1,1,1,1,1,1,1,1,1,1,1,1,
32,22,1,1,1,1,1,1,1,1,1,1,1,1,
32,23,1,1,1,1,1,1,1,1,1,1,1,1,
32,24,1,1,1,1,1,1,1,1,1,1,1,1,
32,25,1,1,1,1,1,1,0,0,1,1,1,1,
32,26,1,1,1,1,1,1,0,0,1,1,1,1,
32,27,1,1,1,1,1,1,0,0,1,1,1,1,
32,28,1,1,1,1,1,1,0,0,1,1,1,1,
32,29,1,1,1,1,1,1,0,0,1,1,1,1,
32,30,1,1,1,1,1,1,0,0,1,1,1,1,
32,31,1,1,1,1,1,1,0,0,1,1,1,1,
32,32,1,1,1,1,1,1,0,0,1,1,1,1,
32,33,1,1,1,1,1,1,0,0,1,1,1,1,
32,34,1,1,1,1,1,1,0,0,1,1,1,1,
32,35,1,1,1,1,1,1,0,0,1,1,1,1,
32,36,1,1,1,1,1,1,0,0,1,1,1,1,
32,37,1,1,1,1,1,1,0,0,1,1,1,1,
32,38,1,1,1,1,1,1,0,0,1,1,1,1,
32,39,1,1,1,1,1,1,0,0,1,1,1,1,
32,40,1,1,1,1,1,1,0,0,1,1,1,1,
32,41,1,1,1,1,1,1,0,0,1,1,1,1,
32,42,0,1,1,1,1,1,0,0,1,1,1,1,
32,43,0,1,1,1,1,1,0,0,1,1,1,1,
32,44,0,1,1,1,1,1,0,0,1,1,1,1,
32,45,0,1,1,1,1,1,0,0,1,1,1,1,
32,46,0,0,1,1,1,1,0,0,1,1,1,1,
32,47,0,0,1,1,1,1,0,0,1,1,1,1,
32,48,0,0,1,1,1,1,0,0,1,1,1,1,
32,49,0,0,1,1,1,1,0,0,1,1,1,1,
32,50,0,0,1,1,1,1,0,0,1,1,1,1,
32,51,0,0,1,1,1,1,0,0,1,1,1,1,
32,52,0,0,1,1,1,1,0,0,1,1,1,1,
32,53,0,0,1,1,1,1,0,0,1,1,1,1,
32,54,0,0,1,1,1,1,0,0,1,1,1,1,
32,55,0,0,1,1,1,1,0,0,1,1,1,1,
32,56,0,0,1,1,1,1,0,0,1,1,1,1,
32,57,0,0,1,1,1,1,0,0,1,1,1,1,
32,58,0,0,1,1,1,1,0,0,1,1,1,1,
32,59,0,0,1,1,1,1,0,0,1,1,1,1,
32,60,0,0,1,1,1,1,0,0,1,1,1,1,
32,61,0,0,1,1,1,1,0,0,1,1,1,1,
32,62,0,0,1,1,1,1,0,0,1,1,1,1,
32,63,0,0,1,1,1,1,0,0,1,1,1,1,
32,64,0,0,1,1,1,1,0,0,1,1,1,1,
32,65,0,0,1,1,1,1,0,0,1,1,1,1,
32,66,0,0,1,1,1,1,0,0,1,1,1,1,
32,67,0,0,1,1,1,1,0,0,1,1,1,1,
32,68,0,0,1,1,1,1,0,0,1,1,1,1,
32,69,0,0,1,1,1,1,0,0,1,1,1,1,
32,70,0,0,1,1,1,1,0,0,1,1,1,1,
32,71,0,0,1,1,1,1,0,0,1,1,1,1,
32,72,0,0,1,1,1,1,0,0,1,1,1,1,
32,73,0,0,1,1,1,1,0,0,1,1,1,1,
32,74,0,0,1,1,1,1,0,0,1,1,1,1,
32,75,0,0,1,1,1,1,0,0,1,1,1,1,
32,76,0,0,1,1,1,1,0,0,1,1,1,1,
32,77,0,0,1,1,1,1,0,0,1,1,1,1,
32,78,0,0,1,1,1,1,0,0,1,1,1,1,
32,79,0,0,1,1,1,1,0,0,1,1,1,1,
32,80,0,0,1,1,1,1,0,0,1,1,1,1,
32,81,0,0,1,1,1,1,0,0,1,1,1,1,
32,82,0,0,1,1,1,1,0,0,1,1,1,1,
32,83,0,0,1,1,1,1,0,0,1,1,1,1,
32,84,0,0,1,1,1,1,0,0,1,1,1,1,
32,85,0,0,1,1,1,1,0,0,1,1,1,1,
32,86,0,0,1,1,1,1,0,0,1,1,1,1,
32,87,0,0,1,1,1,1,0,0,1,1,1,1,
32,88,0,0,1,1,1,1,0,0,1,1,1,1,
32,89,0,0,1,1,1,1,0,0,1,1,1,1,
32,90,0,0,1,1,1,1,0,0,1,1,1,1,
32,91,0,0,1,1,1,1,0,0,1,1,1,1,
32,92,0,0,1,1,1,1,0,0,1,1,1,1,
32,93,0,0,1,1,1,1,0,0,1,1,1,1,
32,94,0,0,1,1,1,1,0,0,1,1,1,1,
32,95,0,0,1,1,1,1,0,0,1,1,1,1,
32,96,0,0,1,1,1,1,0,0,1,1,1,1,
32,97,1,1,1,1,1,1,0,0,1,1,1,1,
32,98,1,1,1,1,1,1,0,0,1,1,1,1,
32,99,1,1,1,1,1,1,0,0,1,1,1,1,
32,100,1,1,1,1,1,1,0,0,1,1,1,1,
32,101,1,1,1,1,1,1,0,0,1,1,1,1,
32,102,1,1,1,1,1,1,0,0,1,1,1,1,
32,103,1,1,1,1,1,1,0,0,1,1,1,1,
32,104,1,1,1,1,1,1,0,0,1,1,1,1,
32,105,1,1,1,1,1,1,0,0,1,1,1,1,
32,106,1,1,1,1,1,1,1,1,1,1,1,1,
32,107,1,1,1,1,1,1,1,1,1,1,1,1,
32,108,1,1,1,1,1,1,1,1,1,1,1,1,
32,109,1,1,1,1,1,1,1,1,1,1,1,1,
32,110,1,1,1,1,1,1,1,1,1,1,1,1,
32,111,1,1,1,1,1,1,1,1,1,1,1,1,
32,112,1,1,1,1,1,1,1,1,1,1,1,1,
32,113,1,1,1,1,1,1,1,1,1,1,1,1,
32,114,1,1,1,1,1,1,1,1,1,1,1,1,
32,115,1,1,1,1,1,1,1,1,1,1,1,1,
32,116,1,1,1,1,1,1,1,1,1,1,1,1,
32,117,1,1,1,1,1,1,1,1,1,1,1,1,
32,118,1,1,1,1,1,1,1,1,1,1,1,1,
32,119,1,1,1,1,1,1,1,1,1,1,1,1,
32,120,1,1,1,1,1,1,1,1,1,1,1,1,
32,121,1,1,1,1,1,1,1,1,1,1,1,1,
32,122,1,1,1,1,1,1,1,1,1,1,1,1,
32,123,1,1,1,1,1,1,1,1,1,1,1,1,
32,124,1,1,1,1,1,1,1,1,1,1,1,1,
32,125,1,1,1,1,1,1,1,1,1,1,1,1,
32,126,1,1,1,1,1,1,1,1,1,1,1,1,
32,127,1,1,1,1,1,1,1,1,1,1,1,1,
32,128,1,1,1,1,1,1,1,1,1,1,1,1,
32,129,1,1,1,1,1,1,1,1,1,1,1,1,
32,130,1,1,1,1,1,1,1,1,1,1,1,1,
32,131,1,1,1,1,1,1,1,1,1,1,1,1,
32,132,1,1,1,1,1,1,1,1,1,1,1,1,
32,133,1,1,1,1,1,1,1,1,1,1,1,1,
32,134,1,1,1,1,1,1,1,1,1,1,1,1,
32,135,1,1,1,1,1,1,1,1,1,1,1,1,
32,136,1,1,1,1,1,1,1,1,1,1,1,1,
32,137,1,1,1,1,1,1,1,1,1,1,1,1,
32,138,1,1,1,1,1,1,1,1,1,1,1,1,
32,139,1,1,1,1,1,1,1,1,1,1,1,1,
32,140,1,1,1,1,1,1,1,1,1,1,1,1,
32,141,1,1,1,1,1,1,1,1,1,1,1,1,
32,142,1,1,1,1,1,1,1,1,1,1,1,1,
32,143,1,1,1,1,1,1,1,1,1,1,1,1,
32,144,1,1,1,1,1,1,1,1,1,1,1,1,
32,145,1,1,1,1,1,1,1,1,1,1,1,1,
32,146,1,1,1,1,1,1,1,1,1,1,1,1,
32,147,1,1,1,1,1,1,1,1,1,1,1,1,
32,148,1,1,1,1,1,1,1,1,1,1,1,1,
32,149,1,1,1,1,1,1,0,0,1,1,1,1,
32,150,1,1,1,1,1,1,0,0,1,1,1,1,
32,151,1,1,1,1,1,1,0,0,1,1,1,1,
32,152,1,1,1,1,1,1,0,0,1,1,1,1,
32,153,1,1,1,1,1,1,0,0,1,1,1,1,
32,154,1,1,1,1,1,1,0,0,1,1,1,1,
32,155,1,1,1,1,1,1,1,1,1,1,1,1,
32,156,1,1,1,1,1,1,1,1,1,1,1,1,
32,157,1,1,1,1,1,1,1,1,1,1,1,1,
32,158,1,1,1,1,1,1,1,1,1,1,1,1,
32,159,1,1,1,1,1,1,1,1,1,1,1,1,
32,160,1,1,1,1,1,1,1,1,1,1,1,1,
32,161,1,1,1,1,1,1,1,1,1,1,1,1,
32,162,1,1,1,1,1,1,1,1,1,1,1,1,
32,163,1,1,1,1,1,1,1,1,1,1,1,1,
32,164,1,1,1,1,1,1,1,1,1,1,1,1,
32,165,1,1,1,1,1,1,1,1,1,1,1,1,
32,166,1,1,1,1,1,1,1,1,1,1,1,1,
32,167,1,1,1,1,1,1,1,1,1,1,1,1,
32,168,1,1,1,1,1,1,0,0,1,1,1,1,
32,169,1,1,1,1,1,1,0,0,1,1,1,1,
32,170,1,1,1,1,1,1,0,0,1,1,1,1,
32,171,1,1,1,1,1,1,0,0,1,1,1,1,
32,172,1,1,1,1,1,1,0,0,1,1,1,1,
32,173,1,1,1,1,1,1,0,0,1,1,1,1,
32,174,1,1,1,1,1,1,0,0,1,1,1,1,
32,175,1,1,1,1,1,1,0,0,1,1,1,1,
32,176,1,1,1,1,1,1,0,0,1,1,1,1,
32,177,1,1,1,1,1,1,0,0,1,1,1,1,
32,178,1,1,1,1,1,1,0,0,1,1,1,1,
32,179,1,1,1,1,1,1,0,0,1,1,1,1,
32,180,1,1,1,1,1,1,0,0,1,1,1,1,
32,181,1,1,1,1,1,1,0,0,1,1,1,1,
32,182,1,1,1,1,1,1,0,0,1,1,1,1,
32,183,1,1,1,1,1,1,0,0,1,1,1,1,
32,184,1,1,1,1,1,1,0,0,1,1,1,1,
32,185,1,1,1,1,1,1,0,0,1,1,1,1,
32,186,1,1,1,1,1,1,0,0,1,1,1,1,
32,187,1,1,1,1,1,1,0,0,1,1,1,1,
32,188,1,1,1,1,1,1,0,0,1,1,1,1,
32,189,1,1,1,1,1,1,0,0,1,1,1,1,
32,190,1,1,1,1,1,1,0,0,1,1,1,1,
32,191,1,1,1,1,1,1,0,0,1,1,1,1,
32,192,1,1,1,1,1,1,0,0,1,1,1,1,
32,193,1,1,1,1,1,1,0,0,1,1,1,1,
32,194,1,1,1,1,1,1,0,0,1,1,1,1,
32,195,1,1,1,1,1,1,0,0,1,1,1,1,
32,196,1,1,1,1,1,1,0,0,1,1,1,1,
32,197,1,1,1,1,1,1,0,0,1,1,1,1,
32,198,1,1,1,1,1,1,0,0,1,1,1,1,
32,199,1,1,1,1,1,1,0,0,1,1,1,1,
32,200,1,1,1,1,1,1,0,0,1,1,1,1,
32,201,1,1,1,1,1,1,0,0,1,1,1,1,
32,202,1,1,1,1,1,1,0,0,1,1,1,1,
32,203,1,1,1,1,1,1,0,0,1,1,1,1,
32,204,1,1,1,1,1,1,0,0,1,1,1,1,
32,205,1,1,1,1,1,1,0,0,1,1,1,1,
32,206,1,1,1,1,1,1,0,0,1,1,1,1,
32,207,1,1,1,1,1,1,0,0,1,1,1,1,
32,208,1,1,1,1,1,1,0,0,1,1,1,1,
32,209,1,1,1,1,1,1,0,0,1,1,1,1,
32,210,1,1,1,1,1,1,0,0,1,1,1,1,
32,211,1,1,1,1,1,1,1,1,1,1,1,1,
32,212,1,1,1,1,1,1,1,1,1,1,1,1,
32,213,1,1,1,1,1,1,1,1,1,1,1,1,
32,214,1,1,1,1,1,1,1,1,1,1,1,1,
32,215,1,1,1,1,1,1,1,1,1,1,1,1,
32,216,1,1,1,1,1,1,1,1,1,1,1,1,
32,217,1,1,1,1,1,1,1,1,1,1,1,1,
32,218,1,1,1,1,1,1,1,1,1,1,1,1,
32,219,1,1,1,1,1,1,1,1,1,1,1,1,
32,220,1,1,1,1,1,1,1,1,1,1,1,1,
32,221,1,1,1,1,1,1,0,0,1,1,1,1,
32,222,1,1,1,1,1,1,0,0,1,1,1,1,
32,223,1,1,1,1,1,1,0,0,1,1,1,1,
32,224,1,1,1,1,1,1,0,0,1,1,1,1,
32,225,1,1,1,1,1,1,0,0,1,1,1,1,
32,226,1,1,1,1,1,1,0,0,1,1,1,1,
32,227,1,1,1,1,1,1,0,0,1,1,1,1,
32,228,1,1,1,1,1,1,0,0,1,1,1,1,
32,229,1,1,1,1,1,1,0,0,1,1,1,1,
32,230,1,1,1,1,1,1,0,0,1,1,1,1,
32,231,1,1,1,1,1,1,0,0,1,1,1,1,
32,232,1,1,1,1,1,1,0,0,1,1,1,1,
32,233,1,1,1,1,1,1,0,0,1,1,1,1,
32,234,1,1,1,1,1,1,0,0,1,1,1,1,
32,235,1,1,1,1,1,1,0,0,1,1,1,1,
32,236,1,1,1,1,1,1,0,0,1,1,1,1,
32,237,1,1,1,1,1,1,0,0,1,1,1,1,
32,238,1,1,1,1,1,1,0,0,1,1,1,1,
32,239,1,1,1,1,1,1,0,0,1,1,1,1,
32,240,1,1,1,1,1,1,0,0,1,1,1,1,
32,241,1,1,1,1,1,1,0,0,1,1,1,1,
32,242,1,1,1,1,1,1,0,0,1,1,1,1,
32,243,1,1,1,1,1,1,0,0,1,1,1,1,
32,244,1,1,1,1,1,1,0,0,1,1,1,1,
32,245,1,1,1,1,1,1,0,0,1,1,1,1,
32,246,1,1,1,1,1,1,0,0,1,1,1,1,
32,247,1,1,1,1,1,1,0,0,1,1,1,1,
32,248,1,1,1,1,1,1,0,0,1,1,1,1,
32,249,1,1,1,1,1,1,0,0,1,1,1,1,
32,250,1,1,1,1,1,1,0,0,1,1,1,1,
32,251,1,1,1,1,1,1,0,0,1,1,1,1,
32,252,1,1,1,1,1,1,0,0,1,1,1,1,
32,253,1,1,1,1,1,1,0,0,1,1,1,1,
32,254,1,1,1,1,1,1,0,0,1,1,1,1,
32,255,1,1,1,1,1,1,0,0,1,1,1,1,
32,256,1,1,1,1,1,1,0,0,1,1,1,1,
32,257,1,1,1,1,1,1,0,0,1,1,1,1,
32,258,1,1,1,1,1,1,1,1,1,1,1,1,
32,259,1,1,1,1,1,1,1,1,1,1,1,1,
32,260,1,1,1,1,1,1,1,1,1,1,1,1,
32,261,1,1,1,1,1,1,1,1,1,1,1,1,
32,262,1,1,1,1,1,1,1,1,1,1,1,1,
32,263,1,1,1,1,1,1,1,1,1,1,1,1,
32,264,1,1,1,1,1,1,1,1,1,1,1,1,
32,265,1,1,1,1,1,1,1,1,1,1,1,1,
32,266,1,1,1,1,1,1,1,1,1,1,1,1,
32,267,1,1,1,1,1,1,1,1,1,1,1,1,
32,268,1,1,1,1,1,1,1,1,1,1,1,1,
32,269,1,1,1,1,1,1,1,1,1,1,1,1,
32,270,1,1,1,1,1,1,1,1,1,1,1,1,
32,271,1,1,1,1,1,1,1,1,1,1,1,1,
32,272,1,1,1,1,1,1,1,1,1,1,1,1,
32,273,1,1,1,1,1,1,1,1,1,1,1,1,
32,274,1,1,1,1,1,1,1,1,1,1,1,1,
32,275,1,1,1,1,1,1,1,1,1,1,1,1,
32,276,1,1,1,1,1,1,1,1,1,1,1,1,
32,277,1,1,1,1,1,1,1,1,1,1,1,1,
32,278,1,1,1,1,1,1,1,1,1,1,1,1,
32,279,1,1,1,1,1,1,1,1,1,1,1,1,
32,280,1,1,1,1,1,1,1,1,1,1,1,1,
32,281,1,1,1,1,1,1,1,1,1,1,1,1,
32,282,1,1,1,1,1,1,0,0,1,1,1,1,
32,283,1,1,1,1,1,1,0,0,1,1,1,1,
32,284,1,1,1,1,1,1,0,0,1,1,1,1,
32,285,1,1,1,1,1,1,0,0,1,1,1,1,
32,286,1,1,1,1,1,1,0,0,1,1,1,1,
32,287,1,1,1,1,1,1,0,0,1,1,1,1,
32,288,1,1,1,1,1,1,0,0,1,1,1,1,
32,289,1,1,1,1,1,1,0,0,1,1,1,1,
32,290,1,1,1,1,1,1,0,0,1,1,1,1,
32,291,1,1,1,1,1,1,0,0,1,1,1,1,
32,292,1,1,1,1,1,1,0,0,1,1,1,1,
32,293,1,1,1,1,1,1,0,0,1,1,1,1,
32,294,1,1,1,1,1,1,0,0,1,1,1,1,
32,295,1,1,1,1,1,1,0,0,1,1,1,1,
32,296,1,1,1,1,1,1,0,0,1,1,1,1,
32,297,1,1,1,1,1,1,0,0,1,1,1,1,
32,298,1,1,1,1,1,1,0,0,1,1,1,1,
32,299,1,1,1,1,1,1,0,0,1,1,1,1,
32,300,1,1,1,1,1,1,0,0,1,1,1,1,
33,1,0,0,1,1,1,1,0,0,0,0,1,1,
33,2,0,0,1,1,1,1,0,0,0,0,1,1,
33,3,0,0,1,1,1,1,0,0,0,0,1,1,
33,4,0,0,1,1,1,1,0,0,0,0,1,1,
33,5,0,0,1,1,1,1,0,0,0,0,1,1,
33,6,0,0,1,1,1,1,0,0,0,0,1,1,
33,7,0,0,1,1,1,1,0,0,0,0,1,1,
33,8,0,0,1,1,1,1,0,0,0,0,1,1,
33,9,0,0,1,1,1,1,0,0,0,0,1,1,
33,10,0,0,1,1,1,1,0,0,0,0,1,1,
33,11,0,0,1,1,1,1,0,0,0,0,1,1,
33,12,0,0,1,1,1,1,0,0,0,0,1,1,
33,13,0,0,1,0,1,1,0,0,0,0,1,1,
33,14,0,0,1,0,1,1,0,0,0,0,1,1,
33,15,0,0,1,0,1,1,0,0,0,0,1,1,
33,16,0,0,1,0,1,1,0,0,0,0,1,1,
33,17,0,0,1,0,1,1,0,0,0,0,1,1,
33,18,0,0,1,0,1,1,0,0,0,0,1,1,
33,19,0,0,1,0,1,1,0,0,0,0,1,1,
33,20,0,0,0,0,1,1,0,0,0,0,1,1,
33,21,0,0,0,0,1,1,0,0,0,0,1,1,
33,22,0,0,0,0,1,1,0,0,0,0,1,1,
33,23,0,0,0,0,1,1,0,0,0,0,1,1,
33,24,0,0,0,0,1,1,0,0,0,0,1,1,
33,25,0,0,0,0,1,1,0,0,0,0,1,1,
33,26,0,0,0,0,1,1,0,0,0,0,1,1,
33,27,0,0,0,0,1,1,0,0,0,0,1,1,
33,28,0,0,0,0,1,1,0,0,0,0,1,1,
33,29,0,0,0,0,1,1,0,0,0,0,1,1,
33,30,0,0,0,0,1,1,0,0,0,0,1,1,
33,31,0,0,0,0,1,1,0,0,0,0,1,1,
33,32,0,0,0,0,1,1,0,0,0,0,1,1,
33,33,0,0,0,0,1,1,0,0,0,0,1,1,
33,34,0,0,0,0,1,1,0,0,0,0,1,1,
33,35,0,0,0,0,1,1,0,0,0,0,1,1,
33,36,0,0,0,0,1,1,0,0,0,0,1,1,
33,37,0,0,0,0,1,1,0,0,0,0,1,1,
33,38,0,0,0,0,1,1,0,0,0,0,1,1,
33,39,0,0,0,0,1,1,0,0,0,0,1,1,
33,40,0,0,0,0,1,1,0,0,0,0,1,1,
33,41,0,0,0,0,1,1,0,0,0,0,1,1,
33,42,0,0,0,0,1,1,0,0,0,0,1,1,
33,43,0,0,1,0,1,1,0,0,0,0,1,1,
33,44,0,0,1,0,1,1,0,0,0,0,1,1,
33,45,0,0,1,0,1,1,0,0,0,0,1,1,
33,46,0,0,1,0,1,1,0,0,0,0,1,1,
33,47,0,0,1,0,1,1,0,0,0,0,1,1,
33,48,0,0,1,0,1,1,0,0,0,0,1,1,
33,49,0,0,1,0,1,1,0,0,0,0,1,1,
33,50,0,0,1,0,1,1,0,0,0,0,1,1,
33,51,0,0,1,0,1,1,0,0,0,0,1,1,
33,52,0,0,1,0,1,1,0,0,0,0,1,1,
33,53,0,0,1,0,1,1,0,0,0,0,1,1,
33,54,0,0,1,0,1,1,0,0,0,0,1,1,
33,55,0,0,1,0,1,1,0,0,0,0,1,1,
33,56,0,0,1,0,1,1,0,0,0,0,1,1,
33,57,0,0,1,1,1,1,0,0,0,0,1,1,
33,58,0,0,0,0,1,1,0,0,0,0,1,1,
33,59,0,0,0,0,1,1,0,0,0,0,1,1,
33,60,0,0,0,0,1,1,0,0,0,0,1,1,
33,61,0,0,1,1,1,1,0,0,0,0,1,1,
33,62,0,0,1,1,1,1,0,0,0,0,1,1,
33,63,0,0,0,0,1,1,0,0,0,0,1,1,
33,64,0,0,0,0,1,1,0,0,0,0,1,1,
33,65,0,0,0,0,1,1,0,0,0,0,1,1,
33,66,0,0,0,0,1,1,0,0,0,0,1,1,
33,67,0,0,0,0,1,1,0,0,0,0,1,1,
33,68,0,0,0,0,1,1,0,0,0,0,1,1,
33,69,0,0,0,0,1,1,0,0,0,0,1,1,
33,70,0,0,0,0,1,1,0,0,0,0,1,1,
33,71,0,0,0,0,1,1,0,0,0,0,1,1,
33,72,0,0,0,0,1,1,0,0,0,0,1,1,
33,73,0,0,0,0,1,1,0,0,0,0,1,1,
33,74,0,0,0,0,1,1,0,0,0,0,1,1,
33,75,0,0,0,0,1,1,0,0,0,0,1,1,
33,76,0,0,0,0,1,1,0,0,0,0,1,1,
33,77,0,0,0,0,1,1,0,0,0,0,1,1,
33,78,0,0,0,0,1,1,0,0,0,0,1,1,
33,79,0,0,0,0,1,1,0,0,0,0,1,1,
33,80,0,0,0,0,1,1,0,0,0,0,1,1,
33,81,0,0,0,0,1,1,0,0,0,0,1,1,
33,82,0,0,0,0,1,1,0,0,0,0,1,1,
33,83,0,0,0,0,1,1,0,0,0,0,1,1,
33,84,0,0,0,0,1,1,0,0,0,0,1,1,
33,85,0,0,0,0,1,1,0,0,0,0,1,1,
33,86,0,0,0,0,1,1,0,0,0,0,1,1,
33,87,0,0,0,0,1,1,0,0,0,0,1,1,
33,88,0,0,0,0,1,1,0,0,0,0,1,1,
33,89,0,0,0,0,1,1,0,0,0,0,1,1,
33,90,0,0,0,0,1,1,0,0,0,0,1,1,
33,91,0,0,0,0,1,1,0,0,0,0,1,1,
33,92,0,0,0,0,1,1,0,0,0,0,1,1,
33,93,0,0,0,0,1,1,0,0,0,0,1,1,
33,94,0,0,0,0,1,1,0,0,0,0,1,1,
33,95,0,0,0,0,1,1,0,0,0,0,1,1,
33,96,0,0,0,0,1,1,0,0,0,0,1,1,
33,97,0,0,0,0,1,1,0,0,0,0,1,1,
33,98,0,0,0,0,1,1,0,0,0,0,1,1,
33,99,0,0,0,0,1,1,0,0,0,0,1,1,
33,100,0,0,1,0,1,1,0,0,0,0,1,1,
33,101,0,0,1,0,1,1,0,0,0,0,1,1,
33,102,0,0,1,0,1,1,0,0,0,0,1,1,
33,103,0,0,1,0,1,1,0,0,0,0,1,1,
33,104,0,0,1,0,1,1,0,0,0,0,1,1,
33,105,0,0,1,0,1,1,0,0,0,0,1,1,
33,106,0,0,1,0,1,1,0,0,0,0,1,1,
33,107,0,0,1,0,1,1,0,0,0,0,1,1,
33,108,0,0,1,0,1,1,0,0,0,0,1,1,
33,109,0,0,1,0,1,1,0,0,0,0,1,1,
33,110,0,0,1,0,1,1,0,0,0,0,1,1,
33,111,0,0,1,0,1,1,0,0,0,0,1,1,
33,112,0,0,1,0,1,1,0,0,0,0,1,1,
33,113,0,0,1,0,1,1,0,0,0,0,1,1,
33,114,0,0,1,0,1,1,0,0,0,0,1,1,
33,115,0,0,1,0,1,1,0,0,0,0,1,1,
33,116,0,0,1,0,1,1,0,0,0,0,1,1,
33,117,0,0,1,0,1,1,0,0,0,0,1,1,
33,118,0,0,1,1,1,1,0,0,0,0,1,1,
33,119,0,0,1,1,1,1,0,0,0,0,1,1,
33,120,0,0,1,1,1,1,0,0,0,0,1,1,
33,121,0,0,1,1,1,1,0,0,0,0,1,1,
33,122,0,0,1,1,1,1,0,0,0,0,1,1,
33,123,0,0,1,1,1,1,0,0,0,0,1,1,
33,124,0,0,1,1,1,1,0,0,0,0,1,1,
33,125,0,0,1,1,1,1,0,0,0,0,1,1,
33,126,0,0,1,1,1,1,0,0,0,0,1,1,
33,127,0,0,1,1,1,1,0,0,1,0,1,1,
33,128,0,0,1,1,1,1,0,0,1,0,1,1,
33,129,0,0,1,1,1,1,0,0,1,0,1,1,
33,130,0,0,1,1,1,1,0,0,1,0,1,1,
33,131,0,0,1,1,1,1,0,0,1,1,1,1,
33,132,0,0,1,1,1,1,0,0,1,1,1,1,
33,133,0,0,1,1,1,1,0,0,1,1,1,1,
33,134,0,0,1,1,1,1,0,0,1,1,1,1,
33,135,0,0,1,1,1,1,0,0,1,1,1,1,
33,136,0,0,1,1,1,1,0,0,1,1,1,1,
33,137,0,0,1,1,1,1,0,0,1,1,1,1,
33,138,0,0,1,1,1,1,0,0,1,1,1,1,
33,139,0,0,1,1,1,1,0,0,1,1,1,1,
33,140,0,0,1,1,1,1,0,0,1,1,1,1,
33,141,0,0,1,1,1,1,0,0,1,1,1,1,
33,142,0,0,1,1,1,1,0,0,1,1,1,1,
33,143,0,0,1,1,1,1,0,0,1,1,1,1,
33,144,0,0,1,1,1,1,0,0,1,1,1,1,
33,145,0,0,1,1,1,1,0,0,1,1,1,1,
33,146,0,0,1,1,1,1,0,0,1,1,1,1,
33,147,0,0,1,1,1,1,0,0,1,1,1,1,
33,148,0,0,1,1,1,1,0,0,1,1,1,1,
33,149,0,0,1,1,1,1,0,0,1,0,1,1,
33,150,0,0,1,1,1,1,0,0,1,0,1,1,
33,151,0,0,1,1,1,1,0,0,1,0,1,1,
33,152,0,0,1,1,1,1,0,0,1,1,1,1,
33,153,0,0,1,1,1,1,0,0,1,1,1,1,
33,154,0,0,1,1,1,1,0,0,1,1,1,1,
33,155,0,0,1,1,1,1,0,0,1,1,1,1,
33,156,0,0,1,1,1,1,0,0,1,1,1,1,
33,157,0,0,1,1,1,1,0,0,1,1,1,1,
33,158,0,0,1,1,1,1,0,0,1,1,1,1,
33,159,0,0,1,1,1,1,0,0,1,1,1,1,
33,160,0,0,1,1,1,1,0,0,1,1,1,1,
33,161,0,0,1,1,1,1,0,0,1,1,1,1,
33,162,0,0,1,1,1,1,0,0,1,1,1,1,
33,163,0,0,1,1,1,1,0,0,1,1,1,1,
33,164,0,0,1,1,1,1,0,0,1,1,1,1,
33,165,0,0,1,1,1,1,0,0,1,1,1,1,
33,166,0,0,1,1,1,1,0,0,1,1,1,1,
33,167,0,0,1,1,1,1,0,0,1,1,1,1,
33,168,0,0,1,1,1,1,0,0,1,1,1,1,
33,169,0,0,1,1,1,1,0,0,1,1,1,1,
33,170,0,0,1,1,1,1,0,0,1,1,1,1,
33,171,0,0,1,1,1,1,0,0,1,1,1,1,
33,172,0,0,1,1,1,1,0,0,1,1,1,1,
33,173,0,0,1,1,1,1,0,0,1,0,1,1,
33,174,0,0,1,1,1,1,0,0,1,0,1,1,
33,175,0,0,1,1,1,1,0,0,1,0,1,1,
33,176,0,0,1,1,1,1,0,0,1,0,1,1,
33,177,0,0,1,1,1,1,0,0,1,0,1,1,
33,178,0,0,1,1,1,1,0,0,1,0,1,1,
33,179,0,0,1,1,1,1,0,0,1,0,1,1,
33,180,0,0,1,1,1,1,0,0,1,0,1,1,
33,181,0,0,1,1,1,1,0,0,1,0,1,1,
33,182,0,0,1,1,1,1,0,0,1,0,1,1,
33,183,0,0,1,1,1,1,0,0,1,0,1,1,
33,184,0,0,1,1,1,1,0,0,1,0,1,1,
33,185,0,0,1,1,1,1,0,0,1,0,1,1,
33,186,0,0,1,0,1,1,0,0,1,0,1,1,
33,187,0,0,1,0,1,1,0,0,0,0,1,1,
33,188,0,0,1,0,1,1,0,0,0,0,1,1,
33,189,0,0,1,0,1,1,0,0,0,0,1,1,
33,190,0,0,1,0,1,1,0,0,0,0,1,1,
33,191,0,0,1,0,1,1,0,0,1,0,1,1,
33,192,0,0,1,0,1,1,0,0,1,0,1,1,
33,193,0,0,1,0,1,1,0,0,0,0,1,1,
33,194,0,0,1,0,1,1,0,0,0,0,1,1,
33,195,0,0,1,0,1,1,0,0,0,0,1,1,
33,196,0,0,1,0,1,1,0,0,0,0,1,1,
33,197,0,0,0,0,1,1,0,0,0,0,1,1,
33,198,0,0,0,0,1,1,0,0,0,0,1,1,
33,199,0,0,0,0,1,1,0,0,0,0,1,1,
33,200,0,0,0,0,1,1,0,0,0,0,1,1,
33,201,0,0,0,0,1,1,0,0,0,0,1,1,
33,202,0,0,0,0,1,1,0,0,0,0,1,1,
33,203,0,0,0,0,1,1,0,0,0,0,1,1,
33,204,0,0,0,0,1,1,0,0,0,0,1,1,
33,205,0,0,0,0,1,1,0,0,0,0,1,1,
33,206,0,0,0,0,1,1,0,0,0,0,1,1,
33,207,0,0,0,0,1,1,0,0,0,0,1,1,
33,208,0,0,0,0,1,1,0,0,0,0,1,1,
33,209,0,0,0,0,1,1,0,0,0,0,1,1,
33,210,0,0,1,0,1,1,0,0,0,0,1,1,
33,211,0,0,1,0,1,1,0,0,1,0,1,1,
33,212,0,0,1,0,1,1,0,0,1,0,1,1,
33,213,0,0,1,0,1,1,0,0,1,0,1,1,
33,214,0,0,1,0,1,1,0,0,1,0,1,1,
33,215,0,0,1,1,1,1,0,0,1,0,1,1,
33,216,0,0,1,1,1,1,0,0,1,0,1,1,
33,217,0,0,1,1,1,1,0,0,1,1,1,1,
33,218,0,0,1,1,1,1,0,0,1,1,1,1,
33,219,0,0,1,1,1,1,0,0,1,1,1,1,
33,220,0,0,1,1,1,1,0,0,1,1,1,1,
33,221,0,0,1,1,1,1,0,0,1,1,1,1,
33,222,0,0,1,1,1,1,0,0,1,1,1,1,
33,223,0,0,1,1,1,1,0,0,1,1,1,1,
33,224,0,0,1,1,1,1,0,0,1,1,1,1,
33,225,0,0,1,1,1,1,0,0,1,1,1,1,
33,226,0,0,1,1,1,1,0,0,1,1,1,1,
33,227,0,0,1,1,1,1,0,0,1,1,1,1,
33,228,0,0,1,1,1,1,0,0,1,1,1,1,
33,229,0,0,1,1,1,1,0,0,1,1,1,1,
33,230,0,0,1,1,1,1,0,0,1,1,1,1,
33,231,0,0,1,1,1,1,0,0,1,1,1,1,
33,232,0,0,1,1,1,1,0,0,1,1,1,1,
33,233,0,0,1,1,1,1,0,0,1,1,1,1,
33,234,0,0,1,1,1,1,0,0,1,1,1,1,
33,235,0,0,1,1,1,1,0,0,1,1,1,1,
33,236,0,0,1,1,1,1,0,0,1,1,1,1,
33,237,0,0,1,1,1,1,0,0,1,1,1,1,
33,238,0,0,1,1,1,1,0,0,1,1,1,1,
33,239,0,0,1,1,1,1,0,0,1,1,1,1,
33,240,0,0,1,1,1,1,0,0,1,1,1,1,
33,241,0,0,1,0,1,1,0,0,0,0,1,1,
33,242,0,0,1,0,1,1,0,0,0,0,1,1,
33,243,0,0,1,0,1,1,0,0,0,0,1,1,
33,244,0,0,1,0,1,1,0,0,0,0,1,1,
33,245,0,0,1,0,1,1,0,0,0,0,1,1,
33,246,0,0,1,0,1,1,0,0,0,0,1,1,
33,247,0,0,1,0,1,1,0,0,0,0,1,1,
33,248,0,0,1,0,1,1,0,0,0,0,1,1,
33,249,0,0,1,0,1,1,0,0,0,0,1,1,
33,250,0,0,1,0,1,1,0,0,0,0,1,1,
33,251,0,0,1,0,1,1,0,0,0,0,1,1,
33,252,0,0,1,0,1,1,0,0,0,0,1,1,
33,253,0,0,1,0,1,1,0,0,0,0,1,1,
33,254,0,0,1,0,1,1,0,0,0,0,1,1,
33,255,0,0,1,0,1,1,0,0,0,0,1,1,
33,256,0,0,1,0,1,1,0,0,0,0,1,1,
33,257,0,0,1,1,1,1,0,0,0,0,1,1,
33,258,0,0,1,1,1,1,0,0,0,0,1,1,
33,259,0,0,1,1,1,1,0,0,0,0,1,1,
33,260,0,0,1,1,1,1,0,0,0,0,1,1,
33,261,0,0,1,0,1,1,0,0,0,0,1,1,
33,262,0,0,1,0,1,1,0,0,0,0,1,1,
33,263,0,0,1,0,1,1,0,0,0,0,1,1,
33,264,0,0,1,0,1,1,0,0,0,0,1,1,
33,265,0,0,1,0,1,1,0,0,0,0,1,1,
33,266,0,0,1,0,1,1,0,0,0,0,1,1,
33,267,0,0,1,0,1,1,0,0,0,0,1,1,
33,268,0,0,1,0,1,1,0,0,0,0,1,1,
33,269,0,0,1,0,1,1,0,0,0,0,1,1,
33,270,0,0,1,0,1,1,0,0,0,0,1,1,
33,271,0,0,1,0,1,1,0,0,0,0,1,1,
33,272,0,0,1,0,1,1,0,0,0,0,1,1,
33,273,0,0,1,1,1,1,0,0,0,0,1,1,
33,274,0,0,1,1,1,1,0,0,0,0,1,1,
33,275,0,0,1,1,1,1,0,0,0,0,1,1,
33,276,0,0,1,1,1,1,0,0,0,0,1,1,
33,277,0,0,1,1,1,1,0,0,0,0,1,1,
33,278,0,0,1,1,1,1,0,0,0,0,1,1,
33,279,0,0,1,1,1,1,0,0,0,0,1,1,
33,280,0,0,1,1,1,1,0,0,0,0,1,1,
33,281,0,0,1,1,1,1,0,0,0,0,1,1,
33,282,0,0,1,1,1,1,0,0,0,0,1,1,
33,283,0,0,1,1,1,1,0,0,0,0,1,1,
33,284,0,0,1,1,1,1,0,0,0,0,1,1,
33,285,0,0,1,1,1,1,0,0,0,0,1,1,
33,286,0,0,1,1,1,1,0,0,0,0,1,1,
33,287,0,0,1,1,1,1,0,0,0,0,1,1,
33,288,0,0,1,1,1,1,0,0,0,0,1,1,
33,289,0,0,1,1,1,1,0,0,0,0,1,1,
33,290,0,0,1,1,1,1,0,0,0,0,1,1,
33,291,0,0,1,1,1,1,0,0,0,0,1,1,
33,292,0,0,1,1,1,1,0,0,0,0,1,1,
33,293,0,0,1,1,1,1,0,0,0,0,1,1,
33,294,0,0,1,1,1,1,0,0,0,0,1,1,
33,295,0,0,1,1,1,1,0,0,0,0,1,1,
33,296,0,0,1,1,1,1,0,0,0,0,1,1,
33,297,0,0,1,1,1,1,0,0,0,0,1,1,
33,298,0,0,1,1,1,1,0,0,0,0,1,1,
33,299,0,0,1,1,1,1,0,0,0,0,1,1,
33,300,0,0,1,1,1,1,0,0,0,0,1,1,
34,1,0,0,1,1,1,1,0,0,1,1,1,1,
34,2,0,0,1,1,1,1,0,0,1,1,1,1,
34,3,0,0,1,1,1,1,0,0,1,1,1,1,
34,4,0,0,1,1,1,1,0,0,1,1,1,1,
34,5,0,0,1,1,1,1,0,0,1,1,1,1,
34,6,0,0,1,1,1,1,0,0,1,1,1,1,
34,7,0,0,1,1,1,1,0,0,1,1,1,1,
34,8,0,0,1,1,1,1,0,0,1,1,1,1,
34,9,0,0,1,1,1,1,0,0,1,1,1,1,
34,10,0,0,1,1,1,1,0,0,1,1,1,1,
34,11,0,0,1,1,1,1,0,0,1,1,1,1,
34,12,0,0,1,1,1,1,0,0,1,1,1,1,
34,13,0,0,1,1,1,1,0,0,1,1,1,1,
34,14,0,0,1,1,1,1,0,0,1,1,1,1,
34,15,0,0,1,1,1,1,0,0,1,1,1,1,
34,16,0,0,1,1,1,1,0,0,1,1,1,1,
34,17,0,0,1,1,1,1,0,0,1,1,1,1,
34,18,0,0,1,1,1,1,0,0,1,1,1,1,
34,19,0,0,1,1,1,1,0,0,1,1,1,1,
34,20,0,0,1,1,1,1,0,0,1,1,1,1,
34,21,0,0,1,1,1,1,0,0,1,1,1,1,
34,22,0,0,1,1,1,1,0,0,1,1,1,1,
34,23,0,0,1,1,1,1,0,0,1,1,1,1,
34,24,0,0,1,1,1,1,0,0,1,1,1,1,
34,25,0,0,1,1,1,1,0,0,1,1,1,1,
34,26,0,0,1,1,1,1,0,0,1,1,1,1,
34,27,0,0,1,1,1,1,0,0,1,1,1,1,
34,28,0,0,1,1,1,1,0,0,1,1,1,1,
34,29,0,0,1,1,1,1,0,0,1,1,1,1,
34,30,0,0,1,1,1,1,0,0,1,1,1,1,
34,31,0,0,1,1,1,1,0,0,1,1,1,1,
34,32,0,0,1,1,1,1,0,0,1,1,1,1,
34,33,0,0,1,1,1,1,0,0,1,1,1,1,
34,34,0,0,1,1,1,1,0,0,1,1,1,1,
34,35,0,0,1,1,1,1,0,0,1,1,1,1,
34,36,0,0,1,1,1,1,0,0,1,1,1,1,
34,37,0,0,1,1,1,1,0,0,1,1,1,1,
34,38,0,0,1,1,1,1,0,0,1,1,1,1,
34,39,0,0,1,1,1,1,0,0,1,1,1,1,
34,40,0,0,1,1,1,1,0,0,1,1,1,1,
34,41,0,0,1,1,1,1,0,0,1,1,1,1,
34,42,0,0,1,1,1,1,0,0,1,1,1,1,
34,43,0,0,1,1,1,1,0,0,1,1,1,1,
34,44,0,0,1,1,1,1,0,0,1,1,1,1,
34,45,0,0,1,1,1,1,0,0,1,1,1,1,
34,46,0,0,1,1,1,1,0,0,1,1,1,1,
34,47,0,0,1,1,1,1,0,0,1,1,1,1,
34,48,0,0,1,1,1,1,0,0,1,1,1,1,
34,49,0,0,1,1,1,1,0,0,1,1,1,1,
34,50,0,0,1,1,1,1,0,0,1,1,1,1,
34,51,0,0,1,1,1,1,0,0,1,1,1,1,
34,52,0,0,1,1,1,1,0,0,1,1,1,1,
34,53,0,0,1,1,1,1,0,0,1,1,1,1,
34,54,0,0,1,1,1,1,0,0,1,1,1,1,
34,55,0,0,1,1,1,1,0,0,1,1,1,1,
34,56,0,0,1,1,1,1,0,0,1,1,1,1,
34,57,0,0,1,1,1,1,0,0,1,1,1,1,
34,58,0,0,1,1,1,1,0,0,1,1,1,1,
34,59,0,0,1,1,1,1,0,0,1,1,1,1,
34,60,0,0,1,1,1,1,0,0,1,1,1,1,
34,61,0,0,1,1,1,1,0,0,1,1,1,1,
34,62,0,0,1,1,1,1,0,0,1,1,1,1,
34,63,0,0,1,1,1,1,0,0,1,1,1,1,
34,64,0,0,1,1,1,1,0,0,1,1,1,1,
34,65,0,0,1,1,1,1,0,0,1,1,1,1,
34,66,0,0,1,1,1,1,0,0,1,1,1,1,
34,67,0,0,1,1,1,1,0,0,1,1,1,1,
34,68,0,0,1,1,1,1,0,0,1,1,1,1,
34,69,0,0,1,1,1,1,0,0,1,1,1,1,
34,70,0,0,1,1,1,1,0,0,1,1,1,1,
34,71,0,0,1,1,1,1,0,0,1,1,1,1,
34,72,0,0,1,1,1,1,0,0,1,1,1,1,
34,73,0,0,1,1,1,1,0,0,1,1,1,1,
34,74,0,0,1,1,1,1,0,0,1,1,1,1,
34,75,0,0,1,1,1,1,0,0,1,1,1,1,
34,76,0,0,1,1,1,1,0,0,1,1,1,1,
34,77,0,0,1,1,1,1,0,0,1,1,1,1,
34,78,0,0,1,1,1,1,0,0,1,1,1,1,
34,79,0,0,1,1,1,1,0,0,1,1,1,1,
34,80,0,0,1,1,1,1,0,0,1,1,1,1,
34,81,0,0,1,1,1,1,0,0,1,1,1,1,
34,82,0,0,1,1,1,1,0,0,1,1,1,1,
34,83,0,0,1,1,1,1,0,0,1,1,1,1,
34,84,0,0,1,1,1,1,0,0,1,1,1,1,
34,85,0,0,1,1,1,1,0,0,1,1,1,1,
34,86,0,0,1,1,1,1,0,0,1,1,1,1,
34,87,0,0,1,1,1,1,0,0,1,1,1,1,
34,88,0,0,1,1,1,1,0,0,1,1,1,1,
34,89,0,0,1,1,1,1,0,0,1,1,1,1,
34,90,0,0,1,1,1,1,0,0,1,1,1,1,
34,91,0,0,1,1,1,1,0,0,1,1,1,1,
34,92,0,0,1,1,1,1,0,0,1,1,1,1,
34,93,0,0,1,1,1,1,0,0,1,1,1,1,
34,94,0,0,1,1,1,1,0,0,1,1,1,1,
34,95,0,0,1,1,1,1,0,0,1,1,1,1,
34,96,0,0,1,1,1,1,0,0,1,1,1,1,
34,97,0,0,1,1,1,1,0,0,1,1,1,1,
34,98,0,0,1,1,1,1,0,0,1,1,1,1,
34,99,0,0,1,1,1,1,0,0,1,1,1,1,
34,100,0,0,1,1,1,1,0,0,1,1,1,1,
34,101,0,0,1,1,1,1,0,0,1,1,1,1,
34,102,0,0,1,1,1,1,0,0,1,1,1,1,
34,103,0,0,1,1,1,1,0,0,1,1,1,1,
34,104,0,0,1,1,1,1,0,0,1,1,1,1,
34,105,0,0,1,1,1,1,0,0,1,1,1,1,
34,106,0,0,1,1,1,1,0,0,1,1,1,1,
34,107,0,0,1,1,1,1,0,0,1,1,1,1,
34,108,0,0,1,1,1,1,0,0,1,1,1,1,
34,109,0,0,1,1,1,1,0,0,1,1,1,1,
34,110,0,0,1,1,1,1,0,0,1,1,1,1,
34,111,0,0,1,1,1,1,0,0,1,1,1,1,
34,112,0,0,1,1,1,1,0,0,1,1,1,1,
34,113,0,0,1,1,1,1,0,0,1,1,1,1,
34,114,0,0,1,1,1,1,0,0,1,1,1,1,
34,115,0,0,1,1,1,1,0,0,1,1,1,1,
34,116,0,0,1,1,1,1,0,0,1,1,1,1,
34,117,0,0,1,1,1,1,0,0,1,1,1,1,
34,118,0,0,1,1,1,1,0,0,1,1,1,1,
34,119,0,0,1,1,1,1,0,0,1,1,1,1,
34,120,0,0,1,1,1,1,0,0,1,1,1,1,
34,121,0,0,1,1,1,1,0,0,1,1,1,1,
34,122,1,1,1,1,1,1,0,0,1,1,1,1,
34,123,1,1,1,1,1,1,0,0,1,1,1,1,
34,124,1,1,1,1,1,1,0,0,1,1,1,1,
34,125,1,1,1,1,1,1,0,0,1,1,1,1,
34,126,1,1,1,1,1,1,0,0,1,1,1,1,
34,127,1,1,1,1,1,1,0,0,1,1,1,1,
34,128,1,1,1,1,1,1,0,0,1,1,1,1,
34,129,1,1,1,1,1,1,0,0,1,1,1,1,
34,130,1,1,1,1,1,1,1,1,1,1,1,1,
34,131,1,1,1,1,1,1,1,1,1,1,1,1,
34,132,1,1,1,1,1,1,1,1,1,1,1,1,
34,133,1,1,1,1,1,1,1,1,1,1,1,1,
34,134,1,1,1,1,1,1,1,1,1,1,1,1,
34,135,1,1,1,1,1,1,1,1,1,1,1,1,
34,136,1,1,1,1,1,1,1,1,1,1,1,1,
34,137,1,1,1,1,1,1,1,1,1,1,1,1,
34,138,1,1,1,1,1,1,1,1,1,1,1,1,
34,139,1,1,1,1,1,1,1,1,1,1,1,1,
34,140,1,1,1,1,1,1,1,1,1,1,1,1,
34,141,1,1,1,1,1,1,1,1,1,1,1,1,
34,142,1,1,1,1,1,1,1,1,1,1,1,1,
34,143,1,1,1,1,1,1,1,1,1,1,1,1,
34,144,1,1,1,1,1,1,1,1,1,1,1,1,
34,145,1,1,1,1,1,1,1,1,1,1,1,1,
34,146,1,1,1,1,1,1,1,1,1,1,1,1,
34,147,1,1,1,1,1,1,1,1,1,1,1,1,
34,148,1,1,1,1,1,1,0,0,1,1,1,1,
34,149,1,1,1,1,1,1,0,0,1,1,1,1,
34,150,1,1,1,1,1,1,0,0,1,1,1,1,
34,151,1,1,1,1,1,1,0,0,1,1,1,1,
34,152,1,1,1,1,1,1,0,0,1,1,1,1,
34,153,1,1,1,1,1,1,0,0,1,1,1,1,
34,154,1,1,1,1,1,1,0,0,1,1,1,1,
34,155,1,1,1,1,1,1,0,0,1,1,1,1,
34,156,1,1,1,1,1,1,0,0,1,1,1,1,
34,157,1,1,1,1,1,1,0,0,1,1,1,1,
34,158,1,1,1,1,1,1,0,0,1,1,1,1,
34,159,1,1,1,1,1,1,0,0,1,1,1,1,
34,160,1,1,1,1,1,1,0,0,1,1,1,1,
34,161,1,1,1,1,1,1,0,0,1,1,1,1,
34,162,1,1,1,1,1,1,0,0,1,1,1,1,
34,163,1,1,1,1,1,1,0,0,1,1,1,1,
34,164,1,1,1,1,1,1,0,0,1,1,1,1,
34,165,1,1,1,1,1,1,0,0,1,1,1,1,
34,166,1,1,1,1,1,1,0,0,1,1,1,1,
34,167,1,1,1,1,1,1,0,0,1,1,1,1,
34,168,1,1,1,1,1,1,0,0,1,1,1,1,
34,169,1,1,1,1,1,1,0,0,1,1,1,1,
34,170,1,1,1,1,1,1,0,0,1,1,1,1,
34,171,1,1,1,1,1,1,0,0,1,1,1,1,
34,172,1,1,1,1,1,1,0,0,1,1,1,1,
34,173,1,1,1,1,1,1,0,0,1,1,1,1,
34,174,1,1,1,1,1,1,0,0,1,1,1,1,
34,175,1,1,1,1,1,1,0,0,1,1,1,1,
34,176,1,1,1,1,1,1,0,0,1,1,1,1,
34,177,1,1,1,1,1,1,0,0,1,1,1,1,
34,178,1,1,1,1,1,1,0,0,1,1,1,1,
34,179,1,1,1,1,1,1,0,0,1,1,1,1,
34,180,1,1,1,1,1,1,0,0,1,1,1,1,
34,181,1,1,1,1,1,1,0,0,1,1,1,1,
34,182,1,1,1,1,1,1,0,0,1,1,1,1,
34,183,1,1,1,1,1,1,0,0,1,1,1,1,
34,184,1,1,1,1,1,1,0,0,1,1,1,1,
34,185,1,1,1,1,1,1,0,0,1,1,1,1,
34,186,1,1,1,1,1,1,0,0,1,1,1,1,
34,187,1,1,1,1,1,1,0,0,1,1,1,1,
34,188,1,1,1,1,1,1,0,0,1,1,1,1,
34,189,1,1,1,1,1,1,0,0,1,1,1,1,
34,190,1,1,1,1,1,1,0,0,1,1,1,1,
34,191,1,1,1,1,1,1,0,0,1,1,1,1,
34,192,1,1,1,1,1,1,0,0,1,1,1,1,
34,193,1,1,1,1,1,1,0,0,1,1,1,1,
34,194,1,1,1,1,1,1,0,0,1,1,1,1,
34,195,1,1,1,1,1,1,0,0,1,1,1,1,
34,196,1,1,1,1,1,1,0,0,1,1,1,1,
34,197,1,1,1,1,1,1,0,0,1,1,1,1,
34,198,1,1,1,1,1,1,0,0,1,1,1,1,
34,199,1,1,1,1,1,1,0,0,1,1,1,1,
34,200,1,1,1,1,1,1,0,0,1,1,1,1,
34,201,1,1,1,1,1,1,0,0,1,1,1,1,
34,202,1,1,1,1,1,1,0,0,1,1,1,1,
34,203,0,0,1,1,1,1,0,0,1,1,1,1,
34,204,0,0,1,1,1,1,0,0,1,1,1,1,
34,205,0,0,1,1,1,1,0,0,1,1,1,1,
34,206,0,0,1,1,1,1,0,0,1,1,1,1,
34,207,0,0,1,1,1,1,0,0,1,1,1,1,
34,208,0,0,1,1,1,1,0,0,1,1,1,1,
34,209,0,0,1,1,1,1,0,0,1,1,1,1,
34,210,0,0,1,1,1,1,0,0,1,1,1,1,
34,211,0,0,1,1,1,1,0,0,1,1,1,1,
34,212,0,0,1,1,1,1,0,0,1,1,1,1,
34,213,0,0,1,1,1,1,0,0,1,1,1,1,
34,214,0,0,1,1,1,1,0,0,1,1,1,1,
34,215,0,0,1,1,1,1,0,0,1,1,1,1,
34,216,0,0,1,1,1,1,0,0,1,1,1,1,
34,217,0,0,1,1,1,1,0,0,1,1,1,1,
34,218,0,0,1,1,1,1,0,0,1,1,1,1,
34,219,0,0,1,1,1,1,0,0,1,1,1,1,
34,220,0,0,1,1,1,1,0,0,1,1,1,1,
34,221,0,0,1,1,1,1,0,0,1,1,1,1,
34,222,0,0,1,1,1,1,0,0,1,1,1,1,
34,223,0,0,1,1,1,1,0,0,1,1,1,1,
34,224,0,0,1,1,1,1,0,0,1,1,1,1,
34,225,0,0,1,1,1,1,0,0,1,1,1,1,
34,226,0,0,1,1,1,1,0,0,1,1,1,1,
34,227,0,0,1,1,1,1,0,0,1,1,1,1,
34,228,0,0,1,1,1,1,0,0,1,1,1,1,
34,229,0,0,1,1,1,1,0,0,1,1,1,1,
34,230,0,0,1,1,1,1,0,0,1,1,1,1,
34,231,0,0,1,1,1,1,0,0,1,1,1,1,
34,232,0,0,1,1,1,1,0,0,1,1,1,1,
34,233,0,0,1,1,1,1,0,0,1,1,1,1,
34,234,0,0,1,1,1,1,0,0,1,1,1,1,
34,235,0,0,1,1,1,1,0,0,1,1,1,1,
34,236,0,0,1,1,1,1,0,0,1,1,1,1,
34,237,0,0,1,1,1,1,0,0,1,1,1,1,
34,238,0,0,1,1,1,1,0,0,1,1,1,1,
34,239,0,0,1,1,1,1,0,0,1,1,1,1,
34,240,0,0,1,1,1,1,0,0,1,1,1,1,
34,241,0,0,1,1,1,1,0,0,1,1,1,1,
34,242,0,0,1,1,1,1,0,0,1,1,1,1,
34,243,0,0,1,1,1,1,0,0,1,1,1,1,
34,244,0,0,1,1,1,1,0,0,1,1,1,1,
34,245,0,0,1,1,1,1,0,0,1,1,1,1,
34,246,0,0,1,1,1,1,0,0,1,1,1,1,
34,247,0,0,1,1,1,1,0,0,1,1,1,1,
34,248,0,0,1,1,1,1,0,0,1,1,1,1,
34,249,0,0,1,1,1,1,0,0,1,1,1,1,
34,250,0,0,1,1,1,1,0,0,1,1,1,1,
34,251,0,0,1,1,1,1,0,0,1,1,1,1,
34,252,0,0,1,1,1,1,0,0,1,1,1,1,
34,253,0,0,1,1,1,1,0,0,1,1,1,1,
34,254,0,0,1,1,1,1,0,0,1,1,1,1,
34,255,0,0,1,1,1,1,0,0,1,1,1,1,
34,256,0,0,1,1,1,1,0,0,1,1,1,1,
34,257,0,0,1,1,1,1,0,0,1,1,1,1,
34,258,0,0,1,1,1,1,0,0,1,1,1,1,
34,259,0,0,1,1,1,1,0,0,1,1,1,1,
34,260,0,0,1,1,1,1,0,0,1,1,1,1,
34,261,0,0,1,1,1,1,0,0,1,1,1,1,
34,262,0,0,1,1,1,1,0,0,1,1,1,1,
34,263,0,0,1,1,1,1,0,0,1,1,1,1,
34,264,0,0,1,1,1,1,0,0,1,1,1,1,
34,265,0,0,1,1,1,1,0,0,1,1,1,1,
34,266,0,0,1,1,1,1,0,0,1,1,1,1,
34,267,0,0,1,1,1,1,0,0,1,1,1,1,
34,268,0,0,1,1,1,1,0,0,1,1,1,1,
34,269,0,0,1,1,1,1,0,0,1,1,1,1,
34,270,0,0,1,1,1,1,0,0,1,1,1,1,
34,271,0,0,1,1,1,1,0,0,1,1,1,1,
34,272,0,0,1,1,1,1,0,0,1,1,1,1,
34,273,0,0,1,1,1,1,0,0,1,1,1,1,
34,274,0,0,1,1,1,1,0,0,1,1,1,1,
34,275,0,0,1,1,1,1,0,0,1,1,1,1,
34,276,0,0,1,1,1,1,0,0,1,1,1,1,
34,277,0,0,1,1,1,1,0,0,1,1,1,1,
34,278,0,0,1,1,1,1,0,0,1,1,1,1,
34,279,0,0,1,1,1,1,0,0,1,1,1,1,
34,280,0,0,1,1,1,1,0,0,1,1,1,1,
34,281,0,0,1,1,1,1,0,0,1,1,1,1,
34,282,0,0,1,1,1,1,0,0,1,1,1,1,
34,283,0,0,1,1,1,1,0,0,1,1,1,1,
34,284,0,0,1,1,1,1,0,0,1,1,1,1,
34,285,1,1,1,1,1,1,0,0,1,1,1,1,
34,286,1,1,1,1,1,1,0,0,1,1,1,1,
34,287,1,1,1,1,1,1,0,0,1,1,1,1,
34,288,1,1,1,1,1,1,0,0,1,1,1,1,
34,289,1,1,1,1,1,1,0,0,1,1,1,1,
34,290,1,1,1,1,1,1,0,0,1,1,1,1,
34,291,1,1,1,1,1,1,0,0,1,1,1,1,
34,292,1,1,1,1,1,1,0,0,1,1,1,1,
34,293,1,1,1,1,1,1,0,0,1,1,1,1,
34,294,1,1,1,1,1,1,0,0,1,1,1,1,
34,295,1,1,1,1,1,1,0,0,1,1,1,1,
34,296,1,1,1,1,1,1,0,0,1,1,1,1,
34,297,1,1,1,1,1,1,0,0,1,1,1,1,
34,298,1,1,1,1,1,1,0,0,1,1,1,1,
34,299,1,1,1,1,1,1,0,0,1,1,1,1,
34,300,1,1,1,1,1,1,0,0,1,1,1,1,
35,1,0,0,1,1,1,1,0,0,1,1,1,1,
35,2,0,0,1,1,1,1,0,0,1,1,1,1,
35,3,0,0,1,1,1,1,0,0,1,1,1,1,
35,4,0,0,1,1,1,1,0,0,1,1,1,1,
35,5,0,0,1,1,1,1,0,0,1,1,1,1,
35,6,0,0,1,1,1,1,0,0,1,1,1,1,
35,7,0,0,1,1,1,1,0,0,1,1,1,1,
35,8,0,0,1,1,1,1,0,0,1,1,1,1,
35,9,0,0,1,1,1,1,0,0,1,1,1,1,
35,10,0,0,1,1,1,1,0,0,1,1,1,1,
35,11,0,0,1,1,1,1,0,0,1,1,1,1,
35,12,0,0,1,1,1,1,0,0,1,1,1,1,
35,13,0,0,1,1,1,1,0,0,1,1,1,1,
35,14,0,0,1,1,1,1,0,0,1,1,1,1,
35,15,0,0,1,1,1,1,0,0,1,1,1,1,
35,16,0,0,1,1,1,1,0,0,1,1,1,1,
35,17,0,0,1,1,1,1,0,0,1,1,1,1,
35,18,0,0,1,1,1,1,0,0,1,1,1,1,
35,19,0,0,1,1,1,1,0,0,1,1,1,1,
35,20,0,0,1,1,1,1,0,0,1,1,1,1,
35,21,0,0,1,1,1,1,0,0,1,1,1,1,
35,22,0,0,1,1,1,1,0,0,1,1,1,1,
35,23,0,0,1,1,1,1,0,0,1,1,1,1,
35,24,0,0,1,1,1,1,0,0,1,1,1,1,
35,25,0,0,1,1,1,1,0,0,1,1,1,1,
35,26,0,0,1,1,1,1,0,0,1,1,1,1,
35,27,0,0,1,1,1,1,0,0,1,1,1,1,
35,28,0,0,1,1,1,1,0,0,1,1,1,1,
35,29,0,0,1,1,1,1,0,0,1,1,1,1,
35,30,0,0,1,1,1,1,0,0,1,1,1,1,
35,31,0,0,1,1,1,1,0,0,1,1,1,1,
35,32,0,0,1,1,1,1,0,0,1,1,1,1,
35,33,0,0,1,1,1,1,0,0,1,1,1,1,
35,34,0,0,1,1,1,1,0,0,1,1,1,1,
35,35,0,0,1,1,1,1,0,0,1,1,1,1,
35,36,0,0,1,1,1,1,0,0,1,1,1,1,
35,37,0,0,1,1,1,1,0,0,1,1,1,1,
35,38,0,0,1,1,1,1,0,0,1,1,1,1,
35,39,0,0,1,1,1,1,0,0,1,1,1,1,
35,40,0,0,1,1,1,1,0,0,1,1,1,1,
35,41,0,0,1,1,1,1,0,0,1,1,1,1,
35,42,0,0,1,1,1,1,0,0,1,1,1,1,
35,43,0,0,1,1,1,1,0,0,1,1,1,1,
35,44,0,0,1,1,1,1,0,0,1,1,1,1,
35,45,0,0,1,1,1,1,0,0,1,1,1,1,
35,46,0,0,1,1,1,1,0,0,1,1,1,1,
35,47,0,0,1,1,1,1,0,0,1,1,1,1,
35,48,0,1,1,1,1,1,0,1,1,1,1,1,
35,49,0,1,1,1,1,1,0,1,1,1,1,1,
35,50,0,1,1,1,1,1,0,1,1,1,1,1,
35,51,0,1,1,1,1,1,0,1,1,1,1,1,
35,52,0,1,1,1,1,1,0,1,1,1,1,1,
35,53,0,1,1,1,1,1,0,1,1,1,1,1,
35,54,0,1,1,1,1,1,0,1,1,1,1,1,
35,55,0,1,1,1,1,1,0,1,1,1,1,1,
35,56,0,1,1,1,1,1,0,1,1,1,1,1,
35,57,0,1,1,1,1,1,0,1,1,1,1,1,
35,58,0,1,1,1,1,1,0,1,1,1,1,1,
35,59,0,1,1,1,1,1,1,1,1,1,1,1,
35,60,1,1,1,1,1,1,1,1,1,1,1,1,
35,61,1,1,1,1,1,1,1,1,1,1,1,1,
35,62,1,1,1,1,1,1,1,1,1,1,1,1,
35,63,1,1,1,1,1,1,1,1,1,1,1,1,
35,64,1,1,1,1,1,1,1,1,1,1,1,1,
35,65,1,1,1,1,1,1,1,1,1,1,1,1,
35,66,1,1,1,1,1,1,1,1,1,1,1,1,
35,67,1,1,1,1,1,1,1,1,1,1,1,1,
35,68,1,1,1,1,1,1,1,1,1,1,1,1,
35,69,1,1,1,1,1,1,1,1,1,1,1,1,
35,70,1,1,1,1,1,1,1,1,1,1,1,1,
35,71,1,1,1,1,1,1,1,1,1,1,1,1,
35,72,1,1,1,1,1,1,1,1,1,1,1,1,
35,73,1,1,1,1,1,1,1,1,1,1,1,1,
35,74,1,1,1,1,1,1,1,1,1,1,1,1,
35,75,1,1,1,1,1,1,1,1,1,1,1,1,
35,76,1,1,1,1,1,1,1,1,1,1,1,1,
35,77,1,1,1,1,1,1,1,1,1,1,1,1,
35,78,1,1,1,1,1,1,1,1,1,1,1,1,
35,79,1,1,1,1,1,1,1,1,1,1,1,1,
35,80,1,1,1,1,1,1,1,1,1,1,1,1,
35,81,1,1,1,1,1,1,1,1,1,1,1,1,
35,82,1,1,1,1,1,1,1,1,1,1,1,1,
35,83,1,1,1,1,1,1,1,1,1,1,1,1,
35,84,1,1,1,1,1,1,1,1,1,1,1,1,
35,85,1,1,1,1,1,1,1,1,1,1,1,1,
35,86,1,1,1,1,1,1,1,1,1,1,1,1,
35,87,1,1,1,1,1,1,1,1,1,1,1,1,
35,88,1,1,1,1,1,1,1,1,1,1,1,1,
35,89,1,1,1,1,1,1,1,1,1,1,1,1,
35,90,1,1,1,1,1,1,1,1,1,1,1,1,
35,91,1,1,1,1,1,1,1,1,1,1,1,1,
35,92,1,1,1,1,1,1,1,1,1,1,1,1,
35,93,1,1,1,1,1,1,1,1,1,1,1,1,
35,94,1,1,1,1,1,1,1,1,1,1,1,1,
35,95,1,1,1,1,1,1,1,1,1,1,1,1,
35,96,1,1,1,1,1,1,1,1,1,1,1,1,
35,97,1,1,1,1,1,1,1,1,1,1,1,1,
35,98,1,1,1,1,1,1,1,1,1,1,1,1,
35,99,1,1,1,1,1,1,1,1,1,1,1,1,
35,100,1,1,1,1,1,1,1,1,1,1,1,1,
35,101,1,1,1,1,1,1,1,1,1,1,1,1,
35,102,1,1,1,1,1,1,1,1,1,1,1,1,
35,103,1,1,1,1,1,1,1,1,1,1,1,1,
35,104,1,1,1,1,1,1,1,1,1,1,1,1,
35,105,1,1,1,1,1,1,1,1,1,1,1,1,
35,106,1,1,1,1,1,1,1,1,1,1,1,1,
35,107,1,1,1,1,1,1,1,1,1,1,1,1,
35,108,1,1,1,1,1,1,1,1,1,1,1,1,
35,109,1,1,1,1,1,1,1,1,1,1,1,1,
35,110,1,1,1,1,1,1,1,1,1,1,1,1,
35,111,1,1,1,1,1,1,1,1,1,1,1,1,
35,112,1,1,1,1,1,1,1,1,1,1,1,1,
35,113,1,1,1,1,1,1,1,1,1,1,1,1,
35,114,1,1,1,1,1,1,1,1,1,1,0,1,
35,115,1,1,1,1,1,1,1,1,1,1,0,0,
35,116,1,1,1,1,1,1,1,1,1,1,0,0,
35,117,1,1,1,1,1,1,1,1,1,1,0,0,
35,118,1,1,1,1,1,1,1,1,1,1,0,0,
35,119,1,1,1,1,1,1,1,1,1,1,0,0,
35,120,1,1,1,1,0,0,1,1,1,1,0,0,
35,121,1,1,1,1,0,0,1,1,1,1,0,0,
35,122,1,1,1,1,0,0,1,1,1,1,0,0,
35,123,1,1,1,1,0,0,1,1,1,1,0,0,
35,124,1,1,1,1,0,0,1,1,1,1,0,0,
35,125,1,1,1,1,0,0,1,1,1,1,0,0,
35,126,1,1,1,1,0,0,1,1,1,1,0,0,
35,127,1,1,1,1,0,0,1,1,1,1,0,0,
35,128,1,1,1,1,0,0,1,1,1,1,0,0,
35,129,1,1,1,1,0,0,1,1,0,1,0,0,
35,130,1,1,1,1,0,0,1,1,0,1,0,0,
35,131,1,1,1,1,0,0,1,1,0,1,0,0,
35,132,1,1,1,1,0,0,1,1,0,1,0,0,
35,133,1,1,1,1,0,0,1,1,0,1,0,0,
35,134,1,1,1,1,0,0,0,1,0,1,0,0,
35,135,1,1,1,1,0,0,0,1,0,0,0,0,
35,136,1,1,1,1,0,0,0,1,0,0,0,0,
35,137,1,1,1,1,0,0,0,1,0,0,0,0,
35,138,1,1,1,1,0,0,0,1,0,0,0,0,
35,139,1,1,1,1,0,0,0,1,0,0,0,0,
35,140,1,1,1,1,0,0,0,1,0,1,0,0,
35,141,1,1,1,1,0,0,0,1,0,1,0,0,
35,142,1,1,1,1,0,0,0,1,0,1,0,0,
35,143,1,1,1,1,0,0,0,1,0,1,0,0,
35,144,1,1,1,1,0,0,0,1,0,1,0,0,
35,145,1,1,1,1,0,0,0,1,0,1,0,0,
35,146,1,1,1,1,0,0,0,1,0,1,0,0,
35,147,1,1,1,1,0,0,0,1,0,1,0,0,
35,148,1,1,1,1,0,1,1,1,1,1,0,0,
35,149,1,1,1,1,1,1,1,1,0,1,0,0,
35,150,1,1,1,1,1,1,1,1,1,1,0,0,
35,151,1,1,1,1,1,1,1,1,1,1,0,0,
35,152,1,1,1,1,1,1,1,1,1,1,0,1,
35,153,1,1,1,1,1,1,1,1,1,1,1,1,
35,154,1,1,1,1,1,1,1,1,1,1,1,1,
35,155,1,1,1,1,1,1,1,1,1,1,1,1,
35,156,1,1,1,1,1,1,1,1,1,1,1,1,
35,157,1,1,1,1,1,1,1,1,1,1,1,1,
35,158,1,1,1,1,1,1,1,1,1,1,1,1,
35,159,1,1,1,1,1,1,1,1,1,1,1,1,
35,160,1,1,1,1,1,1,1,1,1,1,1,1,
35,161,1,1,1,1,1,1,1,1,1,1,1,1,
35,162,1,1,1,1,1,1,1,1,1,1,1,1,
35,163,1,1,1,1,1,1,1,1,1,1,1,1,
35,164,1,1,1,1,1,1,1,1,1,1,1,1,
35,165,0,1,1,1,1,1,1,1,1,1,1,1,
35,166,0,1,1,1,1,1,1,1,1,1,1,1,
35,167,0,1,1,1,1,1,0,1,1,1,1,1,
35,168,0,0,1,1,1,1,0,1,1,1,1,1,
35,169,0,0,1,1,1,1,0,1,1,1,1,1,
35,170,0,0,1,1,1,1,0,1,1,1,1,1,
35,171,0,0,1,1,1,1,0,1,1,1,1,1,
35,172,0,0,1,1,1,1,0,1,1,1,1,1,
35,173,0,0,1,1,1,1,0,1,1,1,1,1,
35,174,0,0,1,1,1,1,0,1,1,1,1,1,
35,175,0,0,1,1,1,1,0,0,1,1,1,1,
35,176,0,0,1,1,1,1,0,0,1,1,1,1,
35,177,0,0,1,1,1,1,0,0,1,1,1,1,
35,178,0,0,1,1,1,1,0,0,1,1,1,1,
35,179,0,0,1,1,1,1,0,0,1,1,1,1,
35,180,0,0,1,1,1,1,0,0,1,1,1,1,
35,181,0,0,1,1,1,1,0,0,1,1,1,1,
35,182,0,0,1,1,1,1,0,0,1,1,1,1,
35,183,0,0,1,1,1,1,0,0,1,1,1,1,
35,184,0,0,1,1,1,1,0,0,1,1,1,1,
35,185,0,0,1,1,1,1,0,0,1,1,1,1,
35,186,0,0,1,1,1,1,0,0,1,1,1,1,
35,187,0,0,1,1,1,1,0,0,1,1,1,1,
35,188,0,0,1,1,1,1,0,0,1,1,1,1,
35,189,0,0,1,1,1,1,0,0,1,1,1,1,
35,190,0,0,1,1,1,1,0,0,1,1,1,1,
35,191,0,0,1,1,1,1,0,0,1,1,1,1,
35,192,0,0,1,1,1,1,0,0,1,1,1,1,
35,193,0,0,1,1,1,1,0,0,1,1,1,1,
35,194,0,0,1,1,1,1,0,0,1,1,1,1,
35,195,0,0,1,1,1,1,0,0,1,1,1,1,
35,196,0,0,1,1,1,1,0,0,1,1,1,1,
35,197,0,0,1,1,1,1,0,0,1,1,1,1,
35,198,0,0,1,1,1,1,0,0,1,1,1,1,
35,199,0,0,1,1,1,1,0,0,1,1,1,1,
35,200,0,0,1,1,1,1,0,0,1,1,1,1,
35,201,0,0,1,1,1,1,0,0,1,1,1,1,
35,202,0,0,1,1,1,1,0,0,1,1,1,1,
35,203,0,0,1,1,1,1,0,0,1,1,1,1,
35,204,0,0,1,1,1,1,0,0,1,1,1,1,
35,205,0,0,1,1,1,1,0,0,1,1,1,1,
35,206,0,0,1,1,1,1,0,0,1,1,1,1,
35,207,0,0,1,1,1,1,0,0,1,1,1,1,
35,208,0,0,1,1,1,1,0,0,1,1,1,1,
35,209,0,0,1,1,1,1,0,0,1,1,1,1,
35,210,0,0,1,1,1,1,0,0,1,1,1,1,
35,211,0,0,1,1,1,1,0,0,1,1,1,1,
35,212,0,0,1,1,1,1,0,0,1,1,1,1,
35,213,0,0,1,1,1,1,0,0,1,1,1,1,
35,214,0,0,1,1,1,1,0,0,1,1,1,1,
35,215,0,0,1,1,1,1,0,0,1,1,1,1,
35,216,0,0,1,1,1,1,0,0,1,1,1,1,
35,217,0,0,1,1,1,1,0,0,1,1,1,1,
35,218,0,0,1,1,1,1,0,0,1,1,1,1,
35,219,0,0,1,1,1,1,0,0,1,1,1,1,
35,220,0,0,1,1,1,1,0,0,1,1,1,1,
35,221,0,0,1,1,1,1,0,0,1,1,1,1,
35,222,0,0,1,1,1,1,0,0,1,1,1,1,
35,223,0,0,1,1,1,1,0,0,1,1,1,1,
35,224,0,0,1,1,1,1,0,0,1,1,1,1,
35,225,0,0,1,1,1,1,0,0,1,1,1,1,
35,226,0,0,1,1,1,1,0,0,1,1,1,1,
35,227,0,0,1,1,1,1,0,1,1,1,1,1,
35,228,0,0,1,1,1,1,0,1,1,1,1,1,
35,229,0,0,1,1,1,1,0,1,1,1,1,1,
35,230,0,0,1,1,1,1,0,1,1,1,1,1,
35,231,0,0,1,1,1,1,0,1,1,1,1,1,
35,232,0,0,1,1,1,1,0,1,1,1,1,1,
35,233,0,0,1,1,1,1,0,1,1,1,1,1,
35,234,0,0,1,1,1,1,0,1,1,1,1,1,
35,235,0,0,1,1,1,1,0,1,1,1,1,1,
35,236,0,0,1,1,1,1,0,1,1,1,1,1,
35,237,0,0,1,1,1,1,0,1,1,1,1,1,
35,238,0,0,1,1,1,1,0,1,1,1,1,1,
35,239,0,0,1,1,1,1,0,1,1,1,1,1,
35,240,0,0,1,1,1,1,0,1,1,1,1,1,
35,241,0,0,1,1,1,1,0,1,1,1,1,1,
35,242,0,0,1,1,1,1,0,1,1,1,1,1,
35,243,0,0,1,1,1,1,0,1,1,1,1,1,
35,244,0,0,1,1,1,1,0,1,1,1,1,1,
35,245,0,0,1,1,1,1,1,1,1,1,1,1,
35,246,0,0,1,1,1,1,1,1,1,1,1,1,
35,247,0,0,1,1,1,1,1,1,1,1,1,1,
35,248,0,0,1,1,1,1,1,1,1,1,1,1,
35,249,0,0,1,1,1,1,1,1,1,1,1,1,
35,250,0,0,1,1,1,1,1,1,1,1,1,1,
35,251,0,0,1,1,1,1,1,1,1,1,1,1,
35,252,0,0,1,1,1,1,1,1,1,1,1,1,
35,253,0,0,1,1,1,1,1,1,1,1,1,1,
35,254,0,0,1,1,1,1,0,1,1,1,1,1,
35,255,0,0,1,1,1,1,0,1,1,1,1,1,
35,256,0,0,1,1,1,1,0,1,1,1,1,1,
35,257,0,0,1,1,1,1,0,1,1,1,1,1,
35,258,0,0,1,1,1,1,0,1,1,1,1,1,
35,259,0,0,1,1,1,1,1,1,1,1,1,1,
35,260,0,0,1,1,1,1,1,1,1,1,1,1,
35,261,0,0,1,1,1,1,1,1,1,1,1,1,
35,262,0,0,1,1,1,1,1,1,1,1,1,1,
35,263,0,0,1,1,1,1,1,1,1,1,1,1,
35,264,0,0,1,1,1,1,1,1,1,1,1,1,
35,265,0,0,1,1,1,1,1,1,1,1,1,1,
35,266,0,0,1,1,1,1,1,1,1,1,1,1,
35,267,0,0,1,1,1,1,1,1,1,1,1,1,
35,268,0,0,1,1,1,1,1,1,1,1,1,1,
35,269,0,1,1,1,1,1,1,1,1,1,1,1,
35,270,0,1,1,1,1,1,1,1,1,1,1,1,
35,271,0,1,1,1,1,1,1,1,1,1,1,1,
35,272,0,1,1,1,1,1,1,1,1,1,1,1,
35,273,0,1,1,1,1,1,1,1,1,1,1,1,
35,274,0,1,1,1,1,1,1,1,1,1,1,1,
35,275,0,0,1,1,1,1,1,1,1,1,1,1,
35,276,0,0,1,1,1,1,1,1,1,1,1,1,
35,277,0,0,1,1,1,1,1,1,1,1,1,1,
35,278,0,0,1,1,1,1,1,1,1,1,1,1,
35,279,0,0,1,1,1,1,1,1,1,1,1,1,
35,280,0,0,1,1,1,1,1,1,1,1,1,1,
35,281,0,0,1,1,1,1,1,1,1,1,1,1,
35,282,0,1,1,1,1,1,1,1,1,1,1,1,
35,283,0,1,1,1,1,1,1,1,1,1,1,1,
35,284,0,1,1,1,1,1,1,1,1,1,1,1,
35,285,0,1,1,1,1,1,1,1,1,1,1,1,
35,286,1,1,1,1,1,1,1,1,1,1,1,1,
35,287,1,1,1,1,1,1,1,1,1,1,1,1,
35,288,1,1,1,1,1,1,1,1,1,1,1,1,
35,289,1,1,1,1,1,1,1,1,1,1,1,1,
35,290,1,1,1,1,1,1,1,1,1,1,1,1,
35,291,1,1,1,1,1,1,1,1,1,1,1,1,
35,292,1,1,1,1,1,1,1,1,1,1,1,1,
35,293,1,1,1,1,1,1,1,1,1,1,1,1,
35,294,1,1,1,1,1,1,1,1,1,1,1,1,
35,295,1,1,1,1,1,1,1,1,1,1,1,1,
35,296,1,1,1,1,1,1,1,1,1,1,1,1,
35,297,1,1,1,1,1,1,1,1,1,1,1,1,
35,298,1,1,1,1,1,1,1,1,1,1,1,1,
35,299,1,1,1,1,1,1,1,1,1,1,1,1,
35,300,0,0,1,1,1,1,1,1,1,1,1,1,
36,1,1,1,1,1,1,1,1,1,1,1,1,1,
36,2,1,1,1,1,1,1,1,1,1,1,1,1,
36,3,1,1,1,1,1,1,1,1,1,1,1,1,
36,4,1,1,1,1,1,1,1,1,1,1,1,1,
36,5,1,1,1,1,1,1,1,1,1,1,1,1,
36,6,1,1,1,1,1,1,1,1,1,1,1,1,
36,7,1,1,1,1,1,1,1,1,1,1,1,1,
36,8,1,1,1,1,1,1,1,1,1,1,1,1,
36,9,1,1,1,1,1,1,1,1,1,1,1,1,
36,10,1,1,1,1,1,1,1,1,1,1,1,1,
36,11,1,1,1,1,1,1,1,1,1,1,1,1,
36,12,1,1,1,1,1,1,1,1,1,1,1,1,
36,13,1,1,1,1,1,1,1,1,1,1,1,1,
36,14,1,1,1,1,1,1,1,1,1,1,1,1,
36,15,1,1,1,1,1,1,1,1,1,1,1,1,
36,16,1,1,1,1,1,1,1,1,1,1,1,1,
36,17,1,1,1,1,1,1,1,1,1,1,1,1,
36,18,1,1,1,1,1,1,1,1,1,1,1,1,
36,19,1,1,1,1,1,1,1,1,1,1,1,1,
36,20,1,1,1,1,1,1,1,1,1,1,1,1,
36,21,1,1,1,1,1,1,1,1,1,1,1,1,
36,22,1,1,1,1,1,1,1,1,1,1,1,1,
36,23,1,1,1,1,1,1,1,1,1,1,1,1,
36,24,1,1,1,1,1,1,1,1,1,1,1,1,
36,25,1,1,1,1,1,1,1,1,1,1,1,1,
36,26,1,1,1,1,1,1,1,1,1,1,1,1,
36,27,1,1,1,1,1,1,1,1,1,1,1,1,
36,28,1,1,1,1,1,1,1,1,1,1,1,1,
36,29,1,1,1,1,1,1,1,1,1,1,1,1,
36,30,1,1,1,1,1,1,1,1,1,1,1,1,
36,31,1,1,1,1,1,1,1,1,1,1,1,1,
36,32,1,1,1,1,1,1,1,1,1,1,1,1,
36,33,1,1,1,1,1,1,1,1,1,1,1,1,
36,34,1,1,1,1,1,1,1,1,1,1,1,1,
36,35,1,1,1,1,1,1,1,1,1,1,1,1,
36,36,1,1,1,1,1,1,1,1,1,1,1,1,
36,37,1,1,1,1,1,1,1,1,1,1,1,1,
36,38,1,1,1,1,1,1,1,1,1,1,1,1,
36,39,1,1,1,1,1,1,1,1,1,1,1,1,
36,40,1,1,1,1,1,1,1,1,1,1,1,1,
36,41,1,1,1,1,1,1,1,1,1,1,1,1,
36,42,1,1,1,1,1,1,1,1,1,1,1,1,
36,43,1,1,1,1,1,1,1,1,1,1,1,1,
36,44,1,1,1,1,1,1,1,1,1,1,1,1,
36,45,1,1,1,1,1,1,1,1,1,1,1,1,
36,46,1,1,1,1,1,1,1,1,1,1,1,1,
36,47,1,1,1,1,1,1,1,1,1,1,1,1,
36,48,1,1,1,1,1,1,1,1,1,1,1,1,
36,49,1,1,1,1,1,1,1,1,1,1,1,1,
36,50,1,1,1,1,1,1,1,1,1,1,1,1,
36,51,1,1,1,1,1,1,1,1,1,1,1,1,
36,52,1,1,1,1,1,1,1,1,1,1,1,1,
36,53,1,1,1,1,1,1,1,1,1,1,1,1,
36,54,1,1,1,1,1,1,1,1,1,1,1,1,
36,55,1,1,1,1,1,1,1,1,1,1,1,1,
36,56,1,1,1,1,1,1,1,1,1,1,1,1,
36,57,1,1,1,1,1,1,1,1,1,1,1,1,
36,58,1,1,1,1,1,1,1,1,1,1,1,1,
36,59,1,1,1,1,1,1,1,1,1,1,1,1,
36,60,1,1,1,1,1,1,1,1,1,1,1,1,
36,61,1,1,1,1,1,1,1,1,1,1,1,1,
36,62,1,1,1,1,1,1,1,1,1,1,1,1,
36,63,1,1,1,1,1,1,1,1,1,1,1,1,
36,64,1,1,1,1,1,1,1,1,1,1,1,1,
36,65,1,1,1,1,1,1,1,1,1,1,1,1,
36,66,1,1,1,1,1,1,1,1,1,1,1,1,
36,67,1,1,1,1,1,1,1,1,1,1,1,1,
36,68,1,1,1,1,1,1,1,1,1,1,1,1,
36,69,1,1,1,1,1,1,1,1,1,1,1,1,
36,70,1,1,1,1,1,1,1,1,1,1,1,1,
36,71,1,1,1,1,1,1,1,1,1,1,1,1,
36,72,1,1,1,1,1,1,1,1,1,1,1,1,
36,73,1,1,1,1,1,1,1,1,1,1,1,1,
36,74,1,1,1,1,1,1,1,1,1,1,1,1,
36,75,1,1,1,1,1,1,1,1,1,1,1,1,
36,76,1,1,1,1,1,1,1,1,1,1,1,1,
36,77,1,1,1,1,1,1,1,1,1,1,1,1,
36,78,1,1,1,1,1,1,1,1,1,1,1,1,
36,79,1,1,1,1,1,1,1,1,1,1,1,1,
36,80,1,1,1,1,1,1,1,1,1,1,1,1,
36,81,1,1,1,1,1,1,1,1,1,1,1,1,
36,82,1,1,1,1,1,1,1,1,1,1,1,1,
36,83,1,1,1,1,1,1,1,1,1,1,1,1,
36,84,1,1,1,1,1,1,1,1,1,1,1,1,
36,85,1,1,1,1,1,1,1,1,1,1,1,1,
36,86,1,1,1,1,1,1,1,1,1,1,1,1,
36,87,1,1,1,1,1,1,1,1,1,1,1,1,
36,88,1,1,1,1,1,1,1,1,1,1,1,1,
36,89,1,1,1,1,1,1,1,1,1,1,1,1,
36,90,1,1,1,1,1,1,1,1,1,1,1,1,
36,91,1,1,1,1,1,1,1,1,1,1,1,1,
36,92,1,1,1,1,1,1,1,1,1,1,1,1,
36,93,1,1,1,1,1,1,1,1,1,1,1,1,
36,94,1,1,1,1,1,1,1,1,1,1,1,1,
36,95,1,1,1,1,1,1,1,1,1,1,1,1,
36,96,1,1,1,1,1,1,1,1,1,1,1,1,
36,97,1,1,1,1,1,1,1,1,1,1,1,1,
36,98,1,1,1,1,1,1,1,1,1,1,1,1,
36,99,1,1,1,1,1,1,1,1,1,1,1,1,
36,100,1,1,1,1,1,1,1,1,1,1,1,1,
36,101,1,1,1,1,1,1,1,1,1,1,1,1,
36,102,1,1,1,1,1,1,1,1,1,1,1,1,
36,103,1,1,1,1,1,1,1,1,1,1,1,1,
36,104,1,1,1,1,1,1,1,1,1,1,1,1,
36,105,1,1,1,1,1,1,1,1,1,1,1,1,
36,106,1,1,1,1,1,1,1,1,1,1,1,1,
36,107,1,1,1,1,1,1,1,1,1,1,1,1,
36,108,1,1,1,1,1,1,1,1,1,1,1,1,
36,109,1,1,1,1,1,1,1,1,1,1,1,1,
36,110,1,1,1,1,1,1,1,1,1,1,1,1,
36,111,1,1,1,1,1,1,1,1,1,1,1,1,
36,112,1,1,1,1,1,1,1,1,1,1,1,1,
36,113,1,1,1,1,1,1,1,1,1,1,1,1,
36,114,1,1,1,1,1,1,1,1,1,1,1,1,
36,115,1,1,1,1,1,1,1,1,1,1,1,1,
36,116,1,1,1,1,1,1,1,1,1,1,1,1,
36,117,1,1,1,1,1,1,1,1,1,1,1,1,
36,118,1,1,1,1,1,1,1,1,1,1,1,1,
36,119,1,1,1,1,1,1,1,1,1,1,1,1,
36,120,1,1,1,1,1,1,1,1,1,1,1,1,
36,121,1,1,1,1,1,1,1,1,1,1,1,1,
36,122,1,1,1,1,1,1,1,1,1,1,1,1,
36,123,1,1,1,1,1,1,1,1,1,1,1,1,
36,124,1,1,1,1,1,1,1,1,1,1,1,1,
36,125,1,1,1,1,1,1,1,1,1,1,1,1,
36,126,1,1,1,1,1,1,1,1,1,1,1,1,
36,127,1,1,1,1,1,1,1,1,1,1,1,1,
36,128,1,1,1,1,1,1,1,1,1,1,1,1,
36,129,1,1,1,1,1,1,1,1,1,1,1,1,
36,130,1,1,1,1,1,1,1,1,1,1,1,1,
36,131,1,1,1,1,1,1,1,1,1,1,1,1,
36,132,1,1,1,1,1,1,1,1,1,1,1,1,
36,133,1,1,1,1,1,1,1,1,1,1,1,1,
36,134,1,1,1,1,1,1,1,1,1,1,1,1,
36,135,1,1,1,1,1,1,1,1,1,1,1,1,
36,136,1,1,1,1,1,1,1,1,1,1,1,1,
36,137,1,1,1,1,1,1,1,1,1,1,1,1,
36,138,1,1,1,1,1,1,1,1,1,1,1,1,
36,139,1,1,1,1,1,1,1,1,1,1,1,1,
36,140,1,1,1,1,1,1,1,1,1,1,1,1,
36,141,1,1,1,1,1,1,1,1,1,1,1,1,
36,142,1,1,1,1,1,1,1,1,1,1,1,1,
36,143,1,1,1,1,1,1,1,1,1,1,1,1,
36,144,1,1,1,1,1,1,1,1,1,1,1,1,
36,145,1,1,1,1,1,1,1,1,1,1,1,1,
36,146,1,1,1,1,1,1,1,1,1,1,1,1,
36,147,1,1,1,1,1,1,1,1,1,1,1,1,
36,148,1,1,1,1,1,1,1,1,1,1,1,1,
36,149,1,1,1,1,1,1,1,1,1,1,1,1,
36,150,1,1,1,1,1,1,1,1,1,1,1,1,
36,151,1,1,1,1,1,1,1,1,1,1,1,1,
36,152,1,1,1,1,1,1,1,1,1,1,1,1,
36,153,1,1,1,1,1,1,1,1,1,1,1,1,
36,154,1,1,1,1,1,1,1,1,1,1,1,1,
36,155,1,1,1,1,1,1,1,1,1,1,1,1,
36,156,1,1,1,1,1,1,1,1,1,1,1,1,
36,157,1,1,1,1,1,1,1,1,1,1,1,1,
36,158,1,1,1,1,1,1,1,1,1,1,1,1,
36,159,1,1,1,1,1,1,1,1,1,1,1,1,
36,160,1,1,1,1,1,1,1,1,1,1,1,1,
36,161,1,1,1,1,1,1,1,1,1,1,1,1,
36,162,1,1,1,1,1,1,1,1,1,1,1,1,
36,163,1,1,1,1,1,1,1,1,1,1,1,1,
36,164,1,1,1,1,1,1,1,1,1,1,1,1,
36,165,1,1,1,1,1,1,1,1,1,1,1,1,
36,166,1,1,1,1,1,1,1,1,1,1,1,1,
36,167,1,1,1,1,1,1,1,1,1,1,1,1,
36,168,1,1,1,1,1,1,1,1,1,1,1,1,
36,169,1,1,1,1,1,1,1,1,1,1,1,1,
36,170,1,1,1,1,1,1,1,1,1,1,1,1,
36,171,1,1,1,1,1,1,1,1,1,1,1,1,
36,172,1,1,1,1,1,1,1,1,1,1,1,1,
36,173,1,1,1,1,1,1,1,1,1,1,1,1,
36,174,1,1,1,1,1,1,1,1,1,1,1,1,
36,175,1,1,1,1,1,1,1,1,1,1,1,1,
36,176,1,1,1,1,1,1,1,1,1,1,1,1,
36,177,1,1,1,1,1,1,1,1,1,1,1,1,
36,178,1,1,1,1,1,1,1,1,1,1,1,1,
36,179,1,1,1,1,1,1,1,1,1,1,1,1,
36,180,1,1,1,1,1,1,1,1,1,1,1,1,
36,181,1,1,1,1,1,1,1,1,1,1,1,1,
36,182,1,1,1,1,1,1,1,1,1,1,1,1,
36,183,1,1,1,1,1,1,1,1,1,1,1,1,
36,184,1,1,1,1,1,1,1,1,1,1,1,1,
36,185,1,1,1,1,1,1,1,1,1,1,1,1,
36,186,1,1,1,1,1,1,1,1,1,1,1,1,
36,187,1,1,1,1,1,1,1,1,1,1,1,1,
36,188,1,1,1,1,1,1,1,1,1,1,1,1,
36,189,1,1,1,1,1,1,1,1,1,1,1,1,
36,190,1,1,1,1,1,1,1,1,1,1,1,1,
36,191,1,1,1,1,1,1,1,1,1,1,1,1,
36,192,1,1,1,1,1,1,1,1,1,1,1,1,
36,193,1,1,1,1,1,1,1,1,1,1,1,1,
36,194,1,1,1,1,1,1,1,1,1,1,1,1,
36,195,1,1,1,1,1,1,1,1,1,1,1,1,
36,196,1,1,1,1,1,1,1,1,1,1,1,1,
36,197,1,1,1,1,1,1,1,1,1,1,1,1,
36,198,1,1,1,1,1,1,1,1,1,1,1,1,
36,199,1,1,1,1,1,1,1,1,1,1,1,1,
36,200,1,1,1,1,1,1,1,1,1,1,1,1,
36,201,1,1,1,1,1,1,1,1,1,1,1,1,
36,202,1,1,1,1,1,1,1,1,1,1,1,1,
36,203,1,1,1,1,1,1,1,1,1,1,1,1,
36,204,1,1,1,1,1,1,1,1,1,1,1,1,
36,205,1,1,1,1,1,1,1,1,1,1,1,1,
36,206,1,1,1,1,1,1,1,1,1,1,1,1,
36,207,1,1,1,1,1,1,1,1,1,1,1,1,
36,208,1,1,1,1,1,1,1,1,1,1,1,1,
36,209,1,1,1,1,1,1,1,1,1,1,1,1,
36,210,0,1,1,1,1,1,1,1,1,1,1,1,
36,211,0,1,1,1,1,1,0,1,1,1,1,1,
36,212,0,1,1,1,1,1,0,1,1,1,1,1,
36,213,0,1,1,1,1,1,0,1,1,1,1,1,
36,214,0,1,1,1,1,1,0,1,1,1,1,1,
36,215,0,0,1,1,1,1,0,1,1,1,1,1,
36,216,0,0,1,1,1,1,0,0,1,1,1,1,
36,217,0,0,1,1,1,1,0,0,1,1,1,1,
36,218,0,0,1,1,1,1,0,0,1,1,1,1,
36,219,0,0,1,1,1,1,0,0,1,1,1,1,
36,220,0,0,1,1,1,1,0,0,1,1,1,1,
36,221,0,0,1,1,1,1,0,0,1,1,1,1,
36,222,0,0,1,1,1,1,0,0,1,1,1,1,
36,223,0,0,1,1,1,1,0,0,1,1,1,1,
36,224,0,0,1,1,1,1,0,0,1,1,1,1,
36,225,0,0,1,1,1,1,0,0,1,1,1,1,
36,226,0,0,1,1,1,1,0,0,1,1,1,1,
36,227,0,0,1,1,1,1,0,0,1,1,1,1,
36,228,0,0,1,1,1,1,0,0,1,1,1,1,
36,229,0,0,1,1,1,1,0,0,1,1,1,1,
36,230,0,0,1,1,1,1,0,0,1,1,1,1,
36,231,0,0,1,1,1,1,0,0,1,1,1,1,
36,232,0,0,1,1,1,1,0,0,1,1,1,1,
36,233,0,0,1,1,1,1,0,0,1,1,1,1,
36,234,0,0,1,1,1,1,0,0,1,1,1,1,
36,235,0,0,1,1,1,1,0,0,1,1,1,1,
36,236,0,0,1,1,1,1,0,0,1,1,1,1,
36,237,0,0,1,1,1,1,0,0,1,1,1,1,
36,238,0,0,1,1,1,1,0,0,1,1,1,1,
36,239,0,0,1,1,1,1,0,0,1,1,1,1,
36,240,0,0,1,1,1,1,0,0,1,1,1,1,
36,241,0,0,1,1,1,1,0,0,1,1,1,1,
36,242,0,0,1,1,1,1,0,0,1,1,1,1,
36,243,0,0,1,1,1,1,0,0,1,1,1,1,
36,244,0,0,1,1,1,1,0,0,1,1,1,1,
36,245,0,0,1,1,1,1,0,0,1,1,1,1,
36,246,0,0,1,1,1,1,0,0,1,1,1,1,
36,247,0,0,1,1,1,1,0,0,1,1,1,1,
36,248,0,0,1,1,1,1,0,0,1,1,1,1,
36,249,0,0,1,1,1,1,0,0,1,1,1,1,
36,250,0,0,1,1,1,1,0,0,1,1,1,1,
36,251,0,0,1,1,1,1,0,0,1,1,1,1,
36,252,0,0,1,1,1,1,0,0,1,1,1,1,
36,253,0,0,1,1,1,1,0,0,1,1,1,1,
36,254,0,0,1,1,1,1,0,0,1,1,1,1,
36,255,0,0,1,1,1,1,0,0,1,1,1,1,
36,256,0,0,1,1,1,1,0,0,1,1,1,1,
36,257,0,0,1,1,1,1,0,0,1,1,1,1,
36,258,0,0,1,1,1,1,0,0,1,1,1,1,
36,259,0,0,1,1,1,1,0,0,1,1,1,1,
36,260,0,0,1,1,1,1,0,0,1,1,1,1,
36,261,0,0,1,1,1,1,0,0,1,1,1,1,
36,262,0,0,1,1,1,1,0,0,1,1,1,1,
36,263,0,0,1,1,1,1,0,0,1,1,1,1,
36,264,0,0,1,1,1,1,0,0,1,1,1,1,
36,265,0,0,1,1,1,1,0,0,1,1,1,1,
36,266,0,0,1,1,1,1,0,0,1,1,1,1,
36,267,0,0,1,1,1,1,0,0,1,1,1,1,
36,268,0,0,1,1,1,1,0,0,1,1,1,1,
36,269,0,0,1,1,1,1,0,0,1,1,1,1,
36,270,0,0,1,1,1,1,0,0,1,1,1,1,
36,271,0,0,1,1,1,1,0,0,1,1,1,1,
36,272,0,0,1,1,1,1,0,0,1,1,1,1,
36,273,0,0,1,1,1,1,0,0,1,1,1,1,
36,274,0,0,1,1,1,1,0,0,1,1,1,1,
36,275,0,0,1,1,1,1,0,0,1,1,1,1,
36,276,0,0,0,1,1,1,0,0,0,1,1,1,
36,277,0,0,0,1,1,1,0,0,0,1,1,1,
36,278,0,0,0,1,1,1,0,0,0,1,1,1,
36,279,0,0,0,1,1,1,0,0,0,1,1,1,
36,280,0,0,0,1,1,1,0,0,0,1,1,1,
36,281,0,0,0,1,1,1,0,0,0,1,1,1,
36,282,0,0,0,1,1,1,0,0,0,1,1,1,
36,283,0,0,0,1,1,1,0,0,0,1,1,1,
36,284,0,0,0,1,1,1,0,0,0,1,1,1,
36,285,0,0,0,1,1,1,0,0,0,1,1,1,
36,286,0,0,0,1,1,1,0,0,0,1,1,1,
36,287,0,0,0,1,1,1,0,0,0,1,1,1,
36,288,0,0,0,1,1,1,0,0,0,1,1,1,
36,289,0,0,0,1,1,1,0,0,0,1,1,1,
36,290,0,0,0,1,1,1,0,0,0,1,1,1,
36,291,0,0,0,1,1,1,0,0,0,1,1,1,
36,292,0,0,1,1,1,1,0,0,1,1,1,1,
36,293,0,0,1,1,1,1,0,0,1,1,1,1,
36,294,0,0,1,1,1,1,0,0,1,1,1,1,
36,295,0,0,1,1,1,1,0,0,1,1,1,1,
36,296,0,0,1,1,1,1,0,0,1,1,1,1,
36,297,0,0,1,1,1,1,0,0,1,1,1,1,
36,298,0,0,1,1,1,1,0,0,1,1,1,1,
36,299,0,0,1,1,1,1,0,0,1,1,1,1,
36,300,0,0,1,1,1,1,0,0,1,1,1,1,
37,1,0,1,1,1,1,1,0,1,1,1,1,1,
37,2,0,1,1,1,1,1,0,1,1,1,1,1,
37,3,0,1,1,1,1,1,0,1,1,1,1,1,
37,4,0,1,1,1,1,1,0,1,1,1,1,1,
37,5,0,1,1,1,1,1,0,1,1,1,1,1,
37,6,0,1,1,1,1,1,0,1,1,1,1,1,
37,7,0,1,1,1,1,1,0,1,1,1,1,1,
37,8,0,1,1,1,1,1,0,1,1,1,1,1,
37,9,0,1,1,1,1,1,0,1,1,1,1,1,
37,10,0,1,1,1,1,1,0,1,1,1,1,1,
37,11,0,1,1,1,1,1,0,1,1,1,1,1,
37,12,0,1,1,1,1,1,0,0,1,1,1,1,
37,13,0,1,1,1,1,1,0,0,1,1,1,1,
37,14,0,1,1,1,1,1,0,0,1,1,1,1,
37,15,0,1,1,1,1,1,0,0,1,1,1,1,
37,16,0,1,1,1,1,1,0,0,1,1,1,1,
37,17,0,1,1,1,1,1,0,0,1,1,1,1,
37,18,0,1,1,1,1,1,0,0,1,1,1,1,
37,19,0,1,1,1,1,1,0,0,1,1,1,1,
37,20,0,1,1,1,1,1,0,0,1,1,1,1,
37,21,0,0,1,1,1,1,0,0,1,1,1,1,
37,22,0,0,1,1,1,1,0,0,1,1,1,1,
37,23,0,0,1,1,1,1,0,0,1,1,1,1,
37,24,0,0,1,1,1,1,0,0,1,1,1,1,
37,25,0,0,1,1,1,1,0,0,1,1,1,1,
37,26,0,0,1,1,1,1,0,0,1,1,1,1,
37,27,0,0,1,1,1,1,0,0,1,1,1,1,
37,28,0,0,1,1,1,1,0,0,1,1,1,1,
37,29,0,0,1,1,1,1,0,0,1,1,1,1,
37,30,0,0,1,1,1,1,0,0,1,1,1,1,
37,31,0,0,1,1,1,1,0,0,1,1,1,1,
37,32,0,0,1,1,1,1,0,0,1,1,1,1,
37,33,0,0,1,1,1,1,0,0,1,1,1,1,
37,34,0,0,1,1,1,1,0,0,1,1,1,1,
37,35,0,0,1,1,1,1,0,0,1,1,1,1,
37,36,0,0,1,1,1,1,0,0,1,1,1,1,
37,37,0,0,1,1,1,1,0,0,1,1,1,1,
37,38,0,0,1,1,1,1,0,0,1,1,1,1,
37,39,0,0,1,1,1,1,0,0,1,1,1,1,
37,40,0,0,1,1,1,1,0,0,1,1,1,1,
37,41,0,0,1,1,1,1,0,0,0,1,1,1,
37,42,0,0,1,1,1,1,0,0,0,1,1,1,
37,43,0,0,1,1,1,1,0,0,0,1,1,1,
37,44,0,0,1,1,1,1,0,0,0,1,1,1,
37,45,0,0,1,1,1,1,0,0,0,1,1,1,
37,46,0,0,1,1,1,1,0,0,0,1,1,1,
37,47,0,0,1,1,1,1,0,0,0,1,1,1,
37,48,0,0,1,1,1,1,0,0,0,1,1,1,
37,49,0,0,1,1,1,1,0,0,0,1,1,1,
37,50,0,0,1,1,1,1,0,0,0,1,1,1,
37,51,0,0,1,1,1,1,0,0,0,1,1,1,
37,52,0,0,1,1,1,1,0,0,0,1,1,1,
37,53,0,0,1,1,1,1,0,0,0,1,1,1,
37,54,0,0,1,1,1,1,0,0,0,1,1,1,
37,55,0,0,1,1,1,1,0,0,0,1,1,1,
37,56,0,0,1,1,1,1,0,0,0,1,1,1,
37,57,0,0,1,1,1,1,0,0,0,1,1,1,
37,58,0,0,1,1,1,1,0,0,0,1,1,1,
37,59,0,0,1,1,1,1,0,0,0,1,1,1,
37,60,0,0,1,1,1,1,0,0,0,1,1,1,
37,61,0,0,1,1,1,1,0,0,0,1,1,1,
37,62,0,0,1,1,1,1,0,0,0,1,1,1,
37,63,0,0,1,1,1,1,0,0,0,1,1,1,
37,64,0,0,1,1,1,1,0,0,0,1,1,1,
37,65,0,0,1,1,1,1,0,0,0,1,1,1,
37,66,0,0,1,1,1,1,0,0,0,1,1,1,
37,67,0,0,1,1,1,1,0,0,0,1,1,1,
37,68,0,0,1,1,1,1,0,0,0,1,1,1,
37,69,0,0,1,1,1,1,0,0,0,1,1,1,
37,70,0,0,1,1,1,1,0,0,0,1,1,1,
37,71,0,0,1,1,1,1,0,0,0,1,1,1,
37,72,0,0,1,1,1,1,0,0,1,1,1,1,
37,73,0,0,1,1,1,1,0,0,1,1,1,1,
37,74,0,0,1,1,1,1,0,0,1,1,1,1,
37,75,0,0,1,1,1,1,0,0,1,1,1,1,
37,76,0,0,1,1,1,1,0,0,1,1,1,1,
37,77,0,0,1,1,1,1,0,0,1,1,1,1,
37,78,0,0,1,1,1,1,0,0,1,1,1,1,
37,79,0,0,1,1,1,1,0,0,1,1,1,1,
37,80,0,0,1,1,1,1,0,0,1,1,1,1,
37,81,0,0,1,1,1,1,0,0,1,1,1,1,
37,82,0,0,1,1,1,1,0,0,1,1,1,1,
37,83,0,0,1,1,1,1,0,0,1,1,1,1,
37,84,0,0,1,1,1,1,0,0,1,1,1,1,
37,85,0,0,1,1,1,1,0,0,0,1,1,1,
37,86,0,0,1,1,1,1,0,0,0,1,1,1,
37,87,0,0,1,1,1,1,0,0,0,1,1,1,
37,88,0,0,1,1,1,1,0,0,1,1,1,1,
37,89,0,0,1,1,1,1,0,0,1,1,1,1,
37,90,0,0,1,1,1,1,0,0,1,1,1,1,
37,91,0,0,1,1,1,1,0,0,1,1,1,1,
37,92,0,0,1,1,1,1,0,0,1,1,1,1,
37,93,0,0,1,1,1,1,0,0,1,1,1,1,
37,94,0,0,1,1,1,1,0,0,1,1,1,1,
37,95,0,0,1,1,1,1,0,0,1,1,1,1,
37,96,0,0,1,1,1,1,0,0,1,1,1,1,
37,97,0,0,1,1,1,1,0,0,1,1,1,1,
37,98,0,0,1,1,1,1,0,0,1,1,1,1,
37,99,0,0,1,1,1,1,0,0,1,1,1,1,
37,100,0,0,1,1,1,1,0,0,1,1,1,1,
37,101,0,0,1,1,1,1,0,0,1,1,1,1,
37,102,0,0,1,1,1,1,0,0,1,1,1,1,
37,103,0,0,1,1,1,1,0,0,1,1,1,1,
37,104,0,0,1,1,1,1,0,0,1,1,1,1,
37,105,0,0,1,1,1,1,0,0,1,1,1,1,
37,106,0,0,1,1,1,1,0,0,1,1,1,1,
37,107,0,0,1,1,1,1,0,0,1,1,1,1,
37,108,0,0,1,1,1,1,0,0,1,1,1,1,
37,109,0,0,1,1,1,1,0,0,1,1,1,1,
37,110,0,0,1,1,1,1,0,0,1,1,1,1,
37,111,0,0,1,1,1,1,0,0,1,1,1,1,
37,112,0,0,1,1,1,1,0,0,1,1,1,1,
37,113,0,0,1,1,1,1,0,0,1,1,1,1,
37,114,0,0,1,1,1,1,0,0,1,1,1,1,
37,115,0,0,1,1,1,1,0,0,1,1,1,1,
37,116,0,0,1,1,1,1,0,0,1,1,1,1,
37,117,0,0,1,1,1,1,0,0,1,1,1,1,
37,118,0,0,1,1,1,1,0,0,1,1,1,1,
37,119,0,0,1,1,1,1,0,0,1,1,1,1,
37,120,0,0,1,1,1,1,0,0,1,1,1,1,
37,121,0,0,1,1,1,1,0,0,1,1,1,1,
37,122,0,0,1,1,1,1,0,0,1,1,1,1,
37,123,0,0,1,1,1,1,0,0,1,1,1,1,
37,124,0,0,1,1,1,1,0,0,1,1,1,1,
37,125,0,0,1,1,1,1,0,0,1,1,1,1,
37,126,0,1,1,1,1,1,0,0,1,1,1,1,
37,127,0,1,1,1,1,1,0,0,1,1,1,1,
37,128,0,1,1,1,1,1,0,1,1,1,1,1,
37,129,0,1,1,1,1,1,0,1,1,1,1,1,
37,130,0,1,1,1,1,1,0,1,1,1,1,1,
37,131,0,1,1,1,1,1,0,1,1,1,1,1,
37,132,0,1,1,1,1,1,0,1,1,1,1,1,
37,133,0,1,1,1,1,1,0,1,1,1,1,1,
37,134,0,1,1,1,1,1,0,1,1,1,1,1,
37,135,0,1,1,1,1,1,0,1,1,1,1,1,
37,136,0,1,1,1,1,1,0,1,1,1,1,1,
37,137,0,1,1,1,1,1,0,1,1,1,1,1,
37,138,0,1,1,1,1,1,0,1,1,1,1,1,
37,139,0,1,1,1,1,1,0,1,1,1,1,1,
37,140,0,1,1,1,1,1,0,1,1,1,1,1,
37,141,0,1,1,1,1,1,0,1,1,1,1,1,
37,142,0,1,1,1,1,1,0,1,1,1,1,1,
37,143,0,1,1,1,1,1,0,1,1,1,1,1,
37,144,1,1,1,1,1,1,1,1,1,1,1,1,
37,145,1,1,1,1,1,1,1,1,1,1,1,1,
37,146,1,1,1,1,1,1,1,1,1,1,1,1,
37,147,1,1,1,1,1,1,1,1,1,1,1,1,
37,148,1,1,1,1,1,1,1,1,1,1,1,1,
37,149,1,1,1,1,1,1,1,1,1,1,1,1,
37,150,1,1,1,1,1,1,1,1,1,1,1,1,
37,151,1,1,1,1,1,1,1,1,1,1,1,1,
37,152,1,1,1,1,1,1,1,1,1,1,1,1,
37,153,1,1,1,1,1,1,1,1,1,1,1,1,
37,154,1,1,1,1,1,1,1,1,1,1,1,1,
37,155,1,1,1,1,1,1,1,1,1,1,1,1,
37,156,1,1,1,1,1,1,1,1,1,1,1,1,
37,157,1,1,1,1,1,1,1,1,1,1,1,1,
37,158,1,1,1,1,1,1,1,1,1,1,1,1,
37,159,1,1,1,1,1,1,1,1,1,1,1,1,
37,160,1,1,1,1,1,1,1,1,1,1,1,1,
37,161,1,1,1,1,1,1,1,1,1,1,1,1,
37,162,1,1,1,1,1,1,1,1,1,1,1,1,
37,163,1,1,1,1,1,1,1,1,1,1,1,1,
37,164,1,1,1,1,1,1,1,1,1,1,1,1,
37,165,1,1,1,1,1,1,1,1,1,1,1,1,
37,166,1,1,1,1,1,1,1,1,1,1,1,1,
37,167,1,1,1,1,1,1,1,1,1,1,1,1,
37,168,1,1,1,1,1,1,1,1,1,1,1,1,
37,169,1,1,1,1,1,1,1,1,1,1,1,1,
37,170,1,1,1,1,1,1,1,1,1,1,1,1,
37,171,1,1,1,1,1,1,1,1,1,1,1,1,
37,172,1,1,1,1,1,1,1,1,1,1,1,1,
37,173,1,1,1,1,1,1,1,1,1,1,1,1,
37,174,1,1,1,1,1,1,1,1,1,1,1,1,
37,175,1,1,1,1,1,1,1,1,1,1,1,1,
37,176,1,1,1,1,1,1,1,1,1,1,1,1,
37,177,1,1,1,1,1,1,1,1,1,1,1,1,
37,178,1,1,1,1,1,1,1,1,1,1,1,1,
37,179,1,1,1,1,1,1,1,1,1,1,1,1,
37,180,1,1,1,1,1,1,1,1,1,1,1,1,
37,181,1,1,1,1,1,1,1,1,1,1,1,1,
37,182,0,1,1,1,1,1,0,1,1,1,1,1,
37,183,0,1,1,1,1,1,0,1,1,1,1,1,
37,184,0,1,1,1,1,1,0,1,1,1,1,1,
37,185,0,1,1,1,1,1,0,1,1,1,1,1,
37,186,0,1,1,1,1,1,0,1,1,1,1,1,
37,187,0,1,1,1,1,1,0,1,1,1,1,1,
37,188,0,1,1,1,1,1,0,1,1,1,1,1,
37,189,0,0,1,1,1,1,0,0,1,1,1,1,
37,190,0,0,1,1,1,1,0,0,1,1,1,1,
37,191,0,0,1,1,1,1,0,0,1,1,1,1,
37,192,0,0,1,1,1,1,0,0,1,1,1,1,
37,193,0,0,1,1,1,1,0,0,1,1,1,1,
37,194,0,0,1,1,1,1,0,0,1,1,1,1,
37,195,0,0,1,1,1,1,0,0,1,1,1,1,
37,196,0,0,1,1,1,1,0,0,1,1,1,1,
37,197,0,0,1,1,1,1,0,0,1,1,1,1,
37,198,0,0,1,1,1,1,0,0,1,1,1,1,
37,199,0,0,1,1,1,1,0,0,1,1,1,1,
37,200,0,0,1,1,1,1,0,0,1,1,1,1,
37,201,0,0,1,1,1,1,0,0,1,1,1,1,
37,202,0,0,1,1,1,1,0,0,1,1,1,1,
37,203,0,0,1,1,1,1,0,0,1,1,1,1,
37,204,0,0,1,1,1,1,0,0,1,1,1,1,
37,205,0,0,1,1,1,1,0,0,1,1,1,1,
37,206,0,0,1,1,1,1,0,0,1,1,1,1,
37,207,0,0,1,1,1,1,0,0,1,1,1,1,
37,208,0,0,1,1,1,1,0,0,1,1,1,1,
37,209,0,0,1,1,1,1,0,0,1,1,1,1,
37,210,0,0,1,1,1,1,0,0,1,1,1,1,
37,211,0,0,1,1,1,1,0,0,1,1,1,1,
37,212,0,0,1,1,1,1,0,0,1,1,1,1,
37,213,0,0,1,1,1,1,0,0,1,1,1,1,
37,214,0,1,1,1,1,1,0,1,1,1,1,1,
37,215,0,1,1,1,1,1,0,1,1,1,1,1,
37,216,0,1,1,1,1,1,0,1,1,1,1,1,
37,217,0,1,1,1,1,1,0,1,1,1,1,1,
37,218,0,1,1,1,1,1,0,1,1,1,1,1,
37,219,1,1,1,1,1,1,1,1,1,1,1,1,
37,220,1,1,1,1,1,1,1,1,1,1,1,1,
37,221,1,1,1,1,1,1,1,1,1,1,1,1,
37,222,1,1,1,1,1,1,1,1,1,1,1,1,
37,223,1,1,1,1,1,1,1,1,1,1,1,1,
37,224,1,1,1,1,1,1,1,1,1,1,1,1,
37,225,1,1,1,1,1,1,1,1,1,1,1,1,
37,226,1,1,1,1,1,1,1,1,1,1,1,1,
37,227,1,1,1,1,1,1,1,1,1,1,1,1,
37,228,1,1,1,1,1,1,1,1,1,1,1,1,
37,229,1,1,1,1,1,1,1,1,1,1,1,1,
37,230,1,1,1,1,1,1,1,1,1,1,1,1,
37,231,1,1,1,1,1,1,1,1,1,1,1,1,
37,232,1,1,1,1,1,1,1,1,1,1,1,1,
37,233,1,1,1,1,1,1,1,1,1,1,1,1,
37,234,1,1,1,1,1,1,1,1,1,1,1,1,
37,235,1,1,1,1,1,1,1,1,1,1,1,1,
37,236,1,1,1,1,1,1,1,1,1,1,1,1,
37,237,1,1,1,1,1,1,1,1,1,1,1,1,
37,238,1,1,1,1,1,1,1,1,1,1,1,1,
37,239,1,1,1,1,1,1,1,1,1,1,1,1,
37,240,1,1,1,1,1,1,1,1,1,1,1,1,
37,241,1,1,1,1,1,1,1,1,1,1,1,1,
37,242,1,1,1,1,1,1,1,1,1,1,1,1,
37,243,1,1,1,1,1,1,1,1,1,1,1,1,
37,244,1,1,1,1,1,1,1,1,1,1,1,1,
37,245,1,1,1,1,1,1,1,1,1,1,1,1,
37,246,1,1,1,1,1,1,1,1,1,1,1,1,
37,247,1,1,1,1,1,1,1,1,1,1,1,1,
37,248,1,1,1,1,1,1,1,1,1,1,1,1,
37,249,1,1,1,1,1,1,1,1,1,1,1,1,
37,250,1,1,1,1,1,1,1,1,1,1,1,1,
37,251,1,1,1,1,1,1,1,1,1,1,1,1,
37,252,1,1,1,1,1,1,1,1,1,1,1,1,
37,253,1,1,1,1,1,1,1,1,1,1,1,1,
37,254,1,1,1,1,1,1,1,1,1,1,1,1,
37,255,1,1,1,1,1,1,1,1,1,1,1,1,
37,256,1,1,1,1,1,1,1,1,1,1,1,1,
37,257,1,1,1,1,1,1,1,1,1,1,1,1,
37,258,1,1,1,1,1,1,1,1,1,1,1,1,
37,259,1,1,1,1,1,1,1,1,1,1,1,1,
37,260,1,1,1,1,1,1,1,1,1,1,1,1,
37,261,1,1,1,1,1,1,1,1,1,1,1,1,
37,262,1,1,1,1,1,1,1,1,1,1,1,1,
37,263,1,1,1,1,1,1,1,1,1,1,1,1,
37,264,1,1,1,1,1,1,1,1,1,1,1,1,
37,265,1,1,1,1,1,1,1,1,1,1,1,1,
37,266,0,1,1,1,1,1,1,1,1,1,1,1,
37,267,0,1,1,1,1,1,0,1,1,1,1,1,
37,268,0,1,1,1,1,1,0,1,1,1,1,1,
37,269,0,1,1,1,1,1,0,1,1,1,1,1,
37,270,0,1,1,1,1,1,0,1,1,1,1,1,
37,271,0,1,1,1,1,1,0,1,1,1,1,1,
37,272,0,1,1,1,1,1,0,1,1,1,1,1,
37,273,0,1,1,1,1,1,0,1,1,1,1,1,
37,274,0,1,1,1,1,1,0,1,1,1,1,1,
37,275,0,1,1,1,1,1,0,1,1,1,1,1,
37,276,0,1,1,1,1,1,0,1,1,1,1,1,
37,277,0,1,1,1,1,1,0,1,1,1,1,1,
37,278,0,1,1,1,1,1,0,1,1,1,1,1,
37,279,0,1,1,1,1,1,0,1,1,1,1,1,
37,280,0,1,1,1,1,1,0,1,1,1,1,1,
37,281,0,0,1,1,1,1,0,0,1,1,1,1,
37,282,0,0,1,1,1,1,0,0,1,1,1,1,
37,283,0,0,1,1,1,1,0,0,1,1,1,1,
37,284,0,0,1,1,1,1,0,0,1,1,1,1,
37,285,0,0,1,1,1,1,0,0,1,1,1,1,
37,286,0,0,1,1,1,1,0,0,1,1,1,1,
37,287,0,0,1,1,1,1,0,0,1,1,1,1,
37,288,0,0,1,1,1,1,0,0,1,1,1,1,
37,289,0,0,1,1,1,1,0,0,1,1,1,1,
37,290,0,0,1,1,1,1,0,0,1,1,1,1,
37,291,0,0,1,1,1,1,0,0,1,1,1,1,
37,292,0,0,1,1,1,1,0,0,1,1,1,1,
37,293,0,0,1,1,1,1,0,0,1,1,1,1,
37,294,0,0,1,1,1,1,0,0,1,1,1,1,
37,295,0,0,1,1,1,1,0,0,1,1,1,1,
37,296,0,0,1,1,1,1,0,0,1,1,1,1,
37,297,0,0,1,1,1,1,0,0,1,1,1,1,
37,298,0,0,1,1,1,1,0,0,1,1,1,1,
37,299,0,0,1,1,1,1,0,0,1,1,1,1,
37,300,0,0,1,1,1,1,0,0,1,1,1,1,
38,1,1,1,1,1,1,1,1,1,1,1,1,1,
38,2,1,1,1,1,1,1,1,1,1,1,1,1,
38,3,1,1,1,1,1,1,1,1,1,1,1,1,
38,4,1,1,1,1,1,1,1,1,1,1,1,1,
38,5,1,1,1,1,1,1,1,1,1,1,1,1,
38,6,1,1,1,1,1,1,1,1,1,1,1,1,
38,7,1,1,1,1,1,1,1,1,1,1,1,1,
38,8,1,1,1,1,1,1,1,1,1,1,1,1,
38,9,1,1,1,1,1,1,1,1,1,1,1,1,
38,10,1,1,1,1,1,1,0,1,1,1,1,1,
38,11,1,1,1,1,1,1,0,1,1,1,1,1,
38,12,1,1,1,1,1,1,0,1,1,1,1,1,
38,13,1,1,1,1,1,1,1,1,1,1,1,1,
38,14,1,1,1,1,1,1,1,1,1,1,1,1,
38,15,1,1,1,1,1,1,1,1,1,1,1,1,
38,16,1,1,1,1,1,1,1,1,1,1,1,1,
38,17,1,1,1,1,1,1,1,1,1,1,1,1,
38,18,1,1,1,1,1,1,1,1,1,1,1,1,
38,19,1,1,1,1,1,1,1,1,1,1,1,1,
38,20,1,1,1,1,1,1,1,1,1,1,1,1,
38,21,1,1,1,1,1,1,1,1,1,1,1,1,
38,22,1,1,1,1,1,1,1,1,1,1,1,1,
38,23,1,1,1,1,1,1,1,1,1,1,1,1,
38,24,1,1,1,1,1,1,1,1,1,1,1,1,
38,25,1,1,1,1,1,1,1,1,1,1,1,1,
38,26,1,1,1,1,1,1,1,1,1,1,1,1,
38,27,1,1,1,1,1,1,1,1,1,1,1,1,
38,28,1,1,1,1,1,1,1,1,1,1,1,1,
38,29,1,1,1,1,1,1,1,1,1,1,1,1,
38,30,1,1,1,1,1,1,1,1,1,1,1,1,
38,31,1,1,1,1,1,1,1,1,1,1,1,1,
38,32,1,1,1,1,1,1,1,1,1,1,1,1,
38,33,1,1,1,1,1,1,1,1,1,1,1,1,
38,34,1,1,1,1,1,1,1,1,1,1,1,1,
38,35,1,1,1,1,1,1,1,1,1,1,1,1,
38,36,1,1,1,1,1,1,1,1,1,1,1,1,
38,37,1,1,1,1,1,1,1,1,1,1,1,1,
38,38,1,1,1,1,1,1,1,1,1,1,1,1,
38,39,1,1,1,1,1,1,1,1,1,1,1,1,
38,40,1,1,1,1,1,1,1,1,1,1,1,1,
38,41,1,1,1,1,1,1,1,1,1,1,1,1,
38,42,1,1,1,1,1,1,1,1,1,1,1,1,
38,43,1,1,1,1,1,1,1,1,1,1,1,1,
38,44,1,1,1,1,1,1,1,1,1,1,1,1,
38,45,1,1,1,1,1,1,1,1,1,1,1,1,
38,46,1,1,1,1,1,1,1,1,1,1,1,1,
38,47,1,1,1,1,1,1,1,1,1,1,1,1,
38,48,1,1,1,1,1,1,1,1,1,1,1,1,
38,49,1,1,1,1,1,1,1,1,1,1,1,1,
38,50,1,1,1,1,1,1,1,1,1,1,1,1,
38,51,1,1,1,1,1,1,1,1,1,1,1,1,
38,52,1,1,1,1,1,1,1,1,1,1,1,1,
38,53,1,1,1,1,1,1,1,1,1,1,1,1,
38,54,1,1,1,1,1,1,1,1,1,1,1,1,
38,55,1,1,1,1,1,1,1,1,1,1,1,1,
38,56,1,1,1,1,1,1,1,1,1,1,1,1,
38,57,1,1,1,1,1,1,1,1,1,1,1,1,
38,58,1,1,1,1,1,1,1,1,1,1,1,1,
38,59,1,1,1,1,1,1,1,1,1,1,1,1,
38,60,1,1,1,1,1,1,1,1,1,1,1,1,
38,61,1,1,1,1,1,1,1,1,1,1,1,1,
38,62,1,1,1,1,1,1,1,1,1,1,1,1,
38,63,1,1,1,1,1,1,1,1,1,1,1,1,
38,64,1,1,1,1,1,1,1,1,1,1,1,1,
38,65,1,1,1,1,1,1,1,1,1,1,1,1,
38,66,1,1,1,1,1,1,1,1,1,1,1,1,
38,67,1,1,1,1,1,1,1,1,1,1,1,1,
38,68,1,1,1,1,1,1,1,1,1,1,1,1,
38,69,1,1,1,1,1,1,1,1,1,1,1,1,
38,70,1,1,1,1,1,1,1,1,1,1,1,1,
38,71,1,1,1,1,1,1,1,1,1,1,1,1,
38,72,1,1,1,1,1,1,1,1,1,1,1,1,
38,73,1,1,1,1,1,1,1,1,1,1,1,1,
38,74,1,1,1,1,1,1,1,1,1,1,1,1,
38,75,1,1,1,1,1,1,1,1,1,1,1,1,
38,76,1,1,1,1,1,1,1,1,1,1,1,1,
38,77,1,1,1,1,1,1,1,1,1,1,1,1,
38,78,1,1,1,1,1,1,1,1,1,1,0,1,
38,79,1,1,1,1,1,1,1,1,1,1,0,1,
38,80,1,1,1,1,1,1,1,1,1,1,0,1,
38,81,1,1,1,1,1,1,0,1,0,1,0,0,
38,82,1,1,1,1,1,1,0,1,0,1,0,0,
38,83,1,1,1,1,1,1,0,1,0,1,0,0,
38,84,1,1,1,1,1,1,0,1,0,1,0,0,
38,85,1,1,1,1,0,1,0,1,0,1,0,0,
38,86,1,1,1,1,1,1,0,1,0,1,0,0,
38,87,1,1,1,1,1,1,0,1,0,1,0,0,
38,88,1,1,1,1,1,1,0,1,0,1,0,0,
38,89,1,1,1,1,1,1,0,1,0,1,0,0,
38,90,1,1,1,1,1,1,0,1,0,1,0,0,
38,91,1,1,1,1,1,1,0,1,0,1,0,0,
38,92,1,1,1,1,1,1,0,1,0,1,0,0,
38,93,1,1,1,1,0,1,0,1,0,1,0,0,
38,94,1,1,1,1,0,1,0,1,0,1,0,0,
38,95,1,1,1,1,0,1,0,1,0,1,0,0,
38,96,1,1,1,1,1,1,0,1,0,1,0,0,
38,97,1,1,1,1,1,1,1,1,1,1,0,0,
38,98,1,1,1,1,1,1,1,1,1,1,0,0,
38,99,1,1,1,1,1,1,1,1,1,1,0,1,
38,100,1,1,1,1,1,1,1,1,1,1,1,1,
38,101,1,1,1,1,1,1,1,1,1,1,1,1,
38,102,1,1,1,1,1,1,1,1,1,1,1,1,
38,103,1,1,1,1,1,1,1,1,1,1,1,1,
38,104,1,1,1,1,1,1,1,1,1,1,1,1,
38,105,1,1,1,1,1,1,1,1,1,1,1,1,
38,106,1,1,1,1,1,1,1,1,1,1,1,1,
38,107,1,1,1,1,1,1,1,1,1,1,1,1,
38,108,1,1,1,1,1,1,1,1,1,1,1,1,
38,109,1,1,1,1,1,1,1,1,1,1,1,1,
38,110,1,1,1,1,1,1,1,1,1,1,1,1,
38,111,1,1,1,1,1,1,1,1,1,1,1,1,
38,112,1,1,1,1,1,1,1,1,1,1,1,1,
38,113,1,1,1,1,1,1,1,1,1,1,1,1,
38,114,1,1,1,1,1,1,1,1,1,1,1,1,
38,115,1,1,1,1,1,1,1,1,1,1,1,1,
38,116,1,1,1,1,1,1,1,1,1,1,1,1,
38,117,1,1,1,1,1,1,1,1,1,1,1,1,
38,118,1,1,1,1,1,1,1,1,1,1,1,1,
38,119,1,1,1,1,1,1,1,1,1,1,1,1,
38,120,1,1,1,1,1,1,1,1,1,1,1,1,
38,121,1,1,1,1,1,1,1,1,1,1,1,1,
38,122,1,1,1,1,1,1,1,1,1,1,1,1,
38,123,1,1,1,1,1,1,1,1,1,1,1,1,
38,124,1,1,1,1,1,1,1,1,1,1,1,1,
38,125,1,1,1,1,1,1,1,1,1,1,1,1,
38,126,1,1,1,1,1,1,1,1,1,1,1,1,
38,127,1,1,1,1,1,1,1,1,1,1,1,1,
38,128,1,1,1,1,1,1,1,1,1,1,1,1,
38,129,1,1,1,1,1,1,1,1,1,1,1,1,
38,130,1,1,1,1,1,1,1,1,1,1,1,1,
38,131,1,1,1,1,1,1,1,1,1,1,1,1,
38,132,1,1,1,1,1,1,1,1,1,1,1,1,
38,133,1,1,1,1,1,1,1,1,1,1,1,1,
38,134,1,1,1,1,1,1,1,1,1,1,1,1,
38,135,1,1,1,1,1,1,1,1,1,1,1,1,
38,136,1,1,1,1,1,1,1,1,1,1,1,1,
38,137,1,1,1,1,1,1,1,1,1,1,1,1,
38,138,1,1,1,1,1,1,1,1,1,1,1,1,
38,139,1,1,1,1,1,1,1,1,1,1,1,1,
38,140,1,1,1,1,1,1,1,1,1,1,1,1,
38,141,1,1,1,1,1,1,1,1,1,1,1,1,
38,142,1,1,1,1,1,1,0,1,0,1,0,1,
38,143,1,1,1,1,1,1,0,1,0,1,0,1,
38,144,1,1,1,1,1,1,0,1,0,1,0,0,
38,145,1,1,1,1,1,1,0,0,0,0,0,0,
38,146,0,1,0,1,0,1,0,0,0,0,0,0,
38,147,0,1,0,1,0,1,0,0,0,0,0,0,
38,148,0,1,0,1,0,0,0,0,0,0,0,0,
38,149,0,0,0,0,0,0,0,0,0,0,0,0,
38,150,0,0,0,0,0,0,0,0,0,0,0,0,
38,151,0,0,0,0,0,0,0,0,0,0,0,0,
38,152,0,0,0,0,0,0,0,0,0,0,0,0,
38,153,0,0,0,0,0,0,0,0,0,0,0,0,
38,154,0,0,0,0,0,0,0,0,0,0,0,0,
38,155,0,0,0,0,0,0,0,0,0,0,0,0,
38,156,0,0,0,0,0,0,0,0,0,0,0,0,
38,157,0,0,0,0,0,0,0,0,0,0,0,0,
38,158,0,0,0,0,0,0,0,0,0,0,0,0,
38,159,0,0,0,0,0,0,0,0,0,0,0,0,
38,160,0,0,0,0,0,0,0,0,0,0,0,0,
38,161,0,0,0,0,0,0,0,0,0,0,0,0,
38,162,0,0,0,0,0,0,0,0,0,0,0,0,
38,163,0,0,0,0,0,0,0,0,0,0,0,0,
38,164,0,0,0,0,0,0,0,0,0,0,0,0,
38,165,0,0,0,0,0,0,0,0,0,0,0,0,
38,166,0,0,0,0,0,0,0,0,0,0,0,0,
38,167,0,0,0,0,0,0,0,0,0,0,0,0,
38,168,0,0,0,0,0,0,0,0,0,0,0,0,
38,169,0,0,0,0,0,0,0,0,0,0,0,0,
38,170,0,0,0,0,0,0,0,0,0,0,0,0,
38,171,0,0,0,0,0,0,0,0,0,0,0,0,
38,172,0,0,0,0,0,0,0,0,0,0,0,0,
38,173,0,0,0,0,0,0,0,0,0,0,0,0,
38,174,0,0,0,0,0,0,0,0,0,0,0,0,
38,175,0,0,0,0,0,0,0,0,0,0,0,0,
38,176,0,1,0,1,0,0,0,0,0,0,0,0,
38,177,0,1,0,1,0,0,0,0,0,0,0,0,
38,178,0,1,0,1,0,1,0,0,0,0,0,0,
38,179,1,1,1,1,0,1,0,0,0,0,0,0,
38,180,1,1,1,1,1,1,0,0,0,0,0,0,
38,181,1,1,1,1,1,1,0,1,0,1,0,0,
38,182,1,1,1,1,1,1,0,1,0,1,0,0,
38,183,1,1,1,1,1,1,0,1,0,1,0,0,
38,184,1,1,1,1,1,1,0,1,0,1,0,1,
38,185,1,1,1,1,1,1,0,1,0,1,0,1,
38,186,1,1,1,1,1,1,1,1,1,1,1,1,
38,187,1,1,1,1,1,1,1,1,1,1,1,1,
38,188,1,1,1,1,1,1,1,1,1,1,1,1,
38,189,1,1,1,1,1,1,1,1,1,1,1,1,
38,190,1,1,1,1,1,1,1,1,1,1,1,1,
38,191,1,1,1,1,1,1,1,1,1,1,1,1,
38,192,1,1,1,1,1,1,1,1,1,1,1,1,
38,193,1,1,1,1,1,1,1,1,1,1,1,1,
38,194,1,1,1,1,1,1,1,1,1,1,1,1,
38,195,1,1,1,1,1,1,1,1,1,1,1,1,
38,196,1,1,1,1,1,1,1,1,1,1,1,1,
38,197,1,1,1,1,1,1,1,1,1,1,1,1,
38,198,1,1,1,1,1,1,1,1,1,1,1,1,
38,199,1,1,1,1,1,1,1,1,1,1,1,1,
38,200,1,1,1,1,1,1,1,1,1,1,1,1,
38,201,1,1,1,1,1,1,1,1,1,1,1,1,
38,202,1,1,1,1,1,1,1,1,1,1,1,1,
38,203,1,1,1,1,1,1,1,1,1,1,1,1,
38,204,1,1,1,1,1,1,1,1,1,1,1,1,
38,205,1,1,1,1,1,1,1,1,1,1,1,1,
38,206,1,1,1,1,1,1,1,1,1,1,1,1,
38,207,1,1,1,1,1,1,1,1,1,1,1,1,
38,208,1,1,1,1,1,1,1,1,1,1,1,1,
38,209,1,1,1,1,1,1,1,1,1,1,1,1,
38,210,1,1,1,1,1,1,1,1,1,1,1,1,
38,211,1,1,1,1,1,1,1,1,1,1,1,1,
38,212,1,1,1,1,1,1,1,1,1,1,1,1,
38,213,1,1,1,1,1,1,1,1,1,1,1,1,
38,214,1,1,1,1,1,1,1,1,1,1,1,1,
38,215,1,1,1,1,1,1,1,1,1,1,1,1,
38,216,1,1,1,1,1,1,1,1,1,1,1,1,
38,217,1,1,1,1,1,1,1,1,1,1,1,1,
38,218,1,1,1,1,1,1,1,1,1,1,1,1,
38,219,1,1,1,1,1,1,1,1,1,1,1,1,
38,220,1,1,1,1,1,1,1,1,1,1,1,1,
38,221,1,1,1,1,1,1,1,1,1,1,1,1,
38,222,1,1,1,1,1,1,1,1,1,1,1,1,
38,223,1,1,1,1,1,1,1,1,1,1,1,1,
38,224,1,1,1,1,1,1,1,1,1,1,1,1,
38,225,1,1,1,1,1,1,1,1,1,1,1,1,
38,226,1,1,1,1,1,1,1,1,1,1,1,1,
38,227,1,1,1,1,1,1,1,1,1,1,1,1,
38,228,1,1,1,1,1,1,1,1,1,1,1,1,
38,229,1,1,1,1,1,1,1,1,1,1,1,1,
38,230,1,1,1,1,1,1,1,1,1,1,1,1,
38,231,1,1,1,1,1,1,1,1,1,1,1,1,
38,232,1,1,1,1,1,1,1,1,1,1,1,1,
38,233,1,1,1,1,1,1,1,1,1,1,1,1,
38,234,1,1,1,1,1,1,1,1,1,1,1,1,
38,235,1,1,1,1,1,1,1,1,1,1,1,1,
38,236,1,1,1,1,1,1,1,1,1,1,1,1,
38,237,1,1,1,1,1,1,1,1,1,1,1,1,
38,238,1,1,1,1,1,1,1,1,1,1,1,1,
38,239,1,1,1,1,1,1,1,1,1,1,1,1,
38,240,1,1,1,1,1,1,1,1,1,1,1,1,
38,241,1,1,1,1,1,1,1,1,1,1,1,1,
38,242,1,1,1,1,1,1,1,1,1,1,1,1,
38,243,1,1,1,1,1,1,1,1,1,1,1,1,
38,244,1,1,1,1,1,1,1,1,1,1,1,1,
38,245,1,1,1,1,1,1,1,1,1,1,1,1,
38,246,1,1,1,1,1,1,1,1,1,1,1,1,
38,247,1,1,1,1,1,1,1,1,1,1,1,1,
38,248,1,1,1,1,1,1,1,1,1,1,1,1,
38,249,1,1,1,1,1,1,1,1,1,1,1,1,
38,250,1,1,1,1,1,1,1,1,1,1,1,1,
38,251,1,1,1,1,1,1,1,1,1,1,1,1,
38,252,1,1,1,1,1,1,1,1,1,1,1,1,
38,253,1,1,1,1,1,1,1,1,1,1,1,1,
38,254,1,1,1,1,1,1,1,1,1,1,1,1,
38,255,1,1,1,1,1,1,1,1,1,1,1,1,
38,256,1,0,1,1,1,1,1,1,1,1,1,1,
38,257,1,0,1,1,1,1,1,1,1,1,1,1,
38,258,1,0,1,1,1,1,1,1,1,1,1,1,
38,259,1,0,1,1,1,1,1,1,1,1,1,1,
38,260,1,0,1,1,1,1,1,1,1,1,1,1,
38,261,0,0,1,1,1,1,1,0,1,1,1,1,
38,262,0,0,1,1,1,1,1,0,1,1,1,1,
38,263,0,0,1,1,1,1,1,0,1,1,1,1,
38,264,0,0,1,1,1,1,1,0,1,1,1,1,
38,265,0,0,1,1,1,1,1,0,1,1,1,1,
38,266,0,0,1,1,1,1,1,0,1,1,1,1,
38,267,0,0,1,1,1,1,1,0,1,1,1,1,
38,268,0,0,1,1,1,1,1,0,1,1,1,1,
38,269,0,0,1,1,1,1,1,0,1,1,1,1,
38,270,0,0,1,1,1,1,1,0,1,1,1,1,
38,271,0,0,1,1,1,1,1,0,1,1,1,1,
38,272,0,0,1,1,1,1,1,0,1,1,1,1,
38,273,0,0,1,1,1,1,1,0,1,1,1,1,
38,274,0,0,1,1,1,1,1,0,1,1,1,1,
38,275,0,0,1,1,1,1,1,0,1,1,1,1,
38,276,0,0,1,1,1,1,1,0,1,1,1,1,
38,277,0,0,1,1,1,1,1,0,1,1,1,1,
38,278,0,0,1,1,1,1,1,1,1,1,1,1,
38,279,0,0,1,1,1,1,1,1,1,1,1,1,
38,280,0,0,1,1,1,1,1,1,1,1,1,1,
38,281,0,0,1,1,1,1,1,1,1,1,1,1,
38,282,0,0,1,1,1,1,1,1,1,1,1,1,
38,283,0,0,1,1,1,1,1,1,1,1,1,1,
38,284,0,0,1,1,1,1,1,1,1,1,1,1,
38,285,0,0,1,1,1,1,1,1,1,1,1,1,
38,286,0,0,1,1,1,1,1,1,1,1,1,1,
38,287,0,0,1,1,1,1,1,1,1,1,1,1,
38,288,0,0,1,1,1,1,1,1,1,1,1,1,
38,289,0,0,1,1,1,1,1,1,1,1,1,1,
38,290,0,0,1,1,1,1,1,1,1,1,1,1,
38,291,0,0,1,1,1,1,1,1,1,1,1,1,
38,292,0,0,1,1,1,1,1,1,1,1,1,1,
38,293,0,0,1,0,1,0,1,1,1,1,1,1,
38,294,0,0,1,0,1,0,1,1,1,1,1,1,
38,295,0,0,1,0,1,0,1,0,1,1,1,1,
38,296,0,0,1,0,1,0,1,0,1,1,1,1,
38,297,0,0,0,0,0,0,1,0,1,1,1,1,
38,298,0,0,0,0,0,0,0,0,1,1,1,1,
38,299,0,0,0,0,0,0,0,0,1,1,1,1,
38,300,0,0,0,0,0,0,0,0,1,1,1,1,
39,1,1,1,1,1,1,1,1,1,1,1,1,1,
39,2,1,1,1,1,1,1,1,1,1,1,1,1,
39,3,1,1,1,1,1,1,1,1,1,1,1,1,
39,4,1,1,1,1,1,1,1,1,1,1,1,1,
39,5,1,1,1,1,1,1,1,1,1,1,1,1,
39,6,1,1,1,1,1,1,1,1,1,1,1,1,
39,7,1,1,1,1,1,1,1,1,1,1,1,1,
39,8,1,1,1,1,1,1,1,1,1,1,1,1,
39,9,1,1,1,1,1,1,1,1,1,1,1,1,
39,10,1,1,1,1,1,1,1,1,1,1,1,1,
39,11,1,1,1,1,1,1,1,1,1,1,1,1,
39,12,1,1,1,1,1,1,1,1,1,1,1,1,
39,13,1,1,1,1,1,1,1,1,1,1,1,1,
39,14,1,1,1,1,1,1,1,1,1,1,1,1,
39,15,1,1,1,1,1,1,1,1,1,1,1,1,
39,16,1,1,1,1,1,1,1,1,1,1,1,1,
39,17,1,1,1,1,1,1,1,1,1,1,1,1,
39,18,1,1,1,1,1,1,1,1,1,1,1,1,
39,19,1,1,1,1,1,1,1,1,1,1,1,1,
39,20,1,1,1,1,1,1,1,1,1,1,1,1,
39,21,1,1,1,1,1,1,1,1,1,1,1,1,
39,22,1,1,1,1,1,1,1,1,1,1,1,1,
39,23,1,1,1,1,1,1,1,1,1,1,1,1,
39,24,1,1,1,1,1,1,1,1,1,1,1,1,
39,25,1,1,1,1,1,1,0,1,1,1,1,1,
39,26,1,1,1,1,1,1,0,1,1,1,1,1,
39,27,1,1,1,1,1,1,0,1,1,1,1,1,
39,28,1,1,1,1,1,1,0,1,1,1,1,1,
39,29,1,1,1,1,1,1,0,1,1,1,1,1,
39,30,1,1,1,1,1,1,1,1,1,1,1,1,
39,31,1,1,1,1,1,1,1,1,1,1,1,1,
39,32,1,1,1,1,1,1,1,1,1,1,1,1,
39,33,1,1,1,1,1,1,1,1,1,1,1,1,
39,34,1,1,1,1,1,1,1,1,1,1,1,1,
39,35,1,1,1,1,1,1,0,1,1,1,1,1,
39,36,1,1,1,1,1,1,0,1,1,1,1,1,
39,37,1,1,1,1,1,1,0,1,1,1,1,1,
39,38,1,1,1,1,1,1,0,1,1,1,1,1,
39,39,1,1,1,1,1,1,0,1,1,1,1,1,
39,40,1,1,1,1,1,1,0,1,1,1,1,1,
39,41,1,1,1,1,1,1,0,1,1,1,1,1,
39,42,1,1,1,1,1,1,1,1,1,1,1,1,
39,43,1,1,1,1,1,1,1,1,1,1,1,1,
39,44,1,1,1,1,1,1,1,1,1,1,1,1,
39,45,1,1,1,1,1,1,1,1,1,1,1,1,
39,46,1,1,1,1,1,1,1,1,1,1,1,1,
39,47,1,1,1,1,1,1,1,1,1,1,1,1,
39,48,1,1,1,1,1,1,1,1,1,1,1,1,
39,49,1,1,1,1,1,1,1,1,1,1,1,1,
39,50,1,1,1,1,1,1,1,1,1,1,1,1,
39,51,1,1,1,1,1,1,1,1,1,1,1,1,
39,52,1,1,1,1,1,1,1,1,1,1,1,1,
39,53,1,1,1,1,1,1,1,1,1,1,1,1,
39,54,1,1,1,1,1,1,1,1,1,1,1,1,
39,55,1,1,1,1,1,1,1,1,1,1,1,1,
39,56,1,1,1,1,1,1,1,1,1,1,1,1,
39,57,1,1,1,1,1,1,1,1,1,1,1,1,
39,58,1,1,1,1,1,1,1,1,1,1,1,1,
39,59,1,1,1,1,1,1,1,1,1,1,1,1,
39,60,1,1,1,1,1,1,1,1,1,1,1,1,
39,61,1,1,1,1,1,1,1,1,1,1,1,1,
39,62,1,1,1,1,1,1,1,1,1,1,1,1,
39,63,1,1,1,1,1,1,1,1,1,1,1,1,
39,64,1,1,1,1,1,1,1,1,1,1,1,1,
39,65,1,1,1,1,1,1,1,1,1,1,1,1,
39,66,1,1,1,1,1,1,1,1,1,1,1,1,
39,67,1,1,1,1,1,1,1,1,1,1,1,1,
39,68,1,1,1,1,1,1,1,1,1,1,1,1,
39,69,1,1,1,1,1,1,1,1,1,1,1,1,
39,70,1,1,1,1,1,1,1,1,1,1,1,1,
39,71,1,1,1,1,1,1,1,1,1,1,1,1,
39,72,1,1,1,1,1,1,1,1,1,1,1,1,
39,73,1,1,1,1,1,1,1,1,1,1,1,1,
39,74,1,1,1,1,1,1,1,1,1,1,1,1,
39,75,1,1,1,1,1,1,1,1,1,1,1,1,
39,76,1,1,1,1,1,1,1,1,1,1,1,1,
39,77,1,1,1,1,1,1,1,1,1,1,1,1,
39,78,1,1,1,1,1,1,1,1,1,1,1,1,
39,79,1,1,1,1,1,1,1,1,1,1,1,1,
39,80,1,1,1,1,1,1,1,1,1,1,1,1,
39,81,1,1,1,1,1,1,1,1,1,1,1,1,
39,82,1,1,1,1,1,1,1,1,1,1,1,1,
39,83,1,1,1,1,1,1,1,1,1,1,1,1,
39,84,1,1,1,1,1,1,1,1,1,1,1,1,
39,85,1,1,1,1,1,1,1,1,1,1,1,1,
39,86,1,1,1,1,1,1,1,1,1,1,1,1,
39,87,1,1,1,1,1,1,1,1,1,1,1,1,
39,88,1,1,1,1,1,1,1,1,1,1,1,1,
39,89,1,1,1,1,1,1,1,1,1,1,1,1,
39,90,1,1,1,1,1,1,1,1,1,1,1,1,
39,91,1,1,1,1,1,1,1,1,1,1,1,1,
39,92,1,1,1,1,1,1,1,1,1,1,1,1,
39,93,1,1,1,1,1,1,1,1,1,1,1,1,
39,94,1,1,1,1,1,1,1,1,1,1,1,1,
39,95,1,1,1,1,1,1,1,1,1,1,1,1,
39,96,1,1,1,1,1,1,1,1,1,1,1,1,
39,97,1,1,1,1,1,1,1,1,1,1,1,1,
39,98,1,1,1,1,1,1,1,1,1,1,1,1,
39,99,1,1,1,1,1,1,1,1,1,1,1,1,
39,100,1,1,1,1,1,1,1,1,1,1,1,1,
39,101,1,1,1,1,1,1,1,1,1,1,1,1,
39,102,1,1,1,1,1,1,1,1,1,1,1,1,
39,103,1,1,1,1,1,1,1,1,1,1,1,1,
39,104,1,1,1,1,1,1,1,1,1,1,1,1,
39,105,1,1,1,1,1,1,1,1,1,1,1,1,
39,106,1,1,1,1,1,1,1,1,1,1,1,1,
39,107,1,1,1,1,1,1,1,1,1,1,1,1,
39,108,1,1,1,1,1,1,1,1,1,1,1,1,
39,109,1,1,1,1,1,1,1,1,1,1,1,1,
39,110,1,1,1,1,1,1,1,1,1,1,1,1,
39,111,1,1,1,1,1,1,1,1,1,1,1,1,
39,112,1,1,1,1,1,1,1,1,1,1,1,1,
39,113,1,1,1,1,1,1,1,1,1,1,1,1,
39,114,1,1,1,1,1,1,1,1,1,1,1,1,
39,115,1,1,1,1,1,1,1,1,1,1,1,1,
39,116,1,1,1,1,1,1,1,1,1,1,1,1,
39,117,1,1,1,1,1,1,1,1,1,1,1,1,
39,118,1,1,1,1,1,1,1,1,1,1,1,1,
39,119,1,1,1,1,1,1,1,1,1,1,1,1,
39,120,1,1,1,1,1,1,1,1,1,1,1,1,
39,121,1,1,1,1,1,1,1,1,1,1,1,1,
39,122,1,1,1,1,1,1,1,1,1,1,1,1,
39,123,1,1,1,1,1,1,1,1,1,1,1,1,
39,124,1,1,1,1,1,1,1,1,1,1,1,1,
39,125,1,1,1,1,1,1,1,1,1,1,1,1,
39,126,1,1,1,1,1,1,1,1,1,1,1,1,
39,127,1,1,1,1,1,1,1,1,1,1,1,1,
39,128,1,1,1,1,1,1,1,1,1,1,1,1,
39,129,1,1,1,1,1,1,1,1,1,1,1,1,
39,130,1,1,1,1,1,1,1,1,1,1,1,1,
39,131,1,1,1,1,1,1,1,1,1,1,1,1,
39,132,1,1,1,1,1,1,1,1,1,1,1,1,
39,133,1,1,1,1,1,1,1,1,1,1,1,1,
39,134,1,1,1,1,1,1,1,1,1,1,1,1,
39,135,1,1,1,1,1,1,1,1,1,1,1,1,
39,136,1,1,1,1,1,1,1,1,1,1,1,1,
39,137,1,1,1,1,1,1,1,1,1,1,1,1,
39,138,1,1,1,1,1,1,1,1,1,1,1,1,
39,139,1,1,1,1,1,1,1,1,1,1,1,1,
39,140,1,1,1,1,1,1,1,1,1,1,1,1,
39,141,1,1,1,1,1,1,1,1,1,1,1,1,
39,142,1,1,1,1,1,1,1,1,1,1,1,1,
39,143,1,1,1,1,1,1,1,1,1,1,1,1,
39,144,1,1,1,1,1,1,1,1,1,1,1,1,
39,145,1,1,1,1,1,1,1,1,1,1,1,1,
39,146,1,1,1,1,1,1,1,1,1,1,1,1,
39,147,1,1,1,1,1,1,1,1,1,1,1,1,
39,148,1,1,1,1,1,1,1,1,1,1,1,1,
39,149,1,1,1,1,1,1,1,1,1,1,1,1,
39,150,1,1,1,1,1,1,1,1,1,1,1,1,
39,151,1,1,1,1,1,1,1,1,1,1,1,1,
39,152,1,1,1,1,1,1,1,1,1,1,1,1,
39,153,1,1,1,1,1,1,1,1,1,1,1,1,
39,154,1,1,1,1,1,1,1,1,1,1,1,1,
39,155,1,1,1,1,1,1,1,1,1,1,1,1,
39,156,1,1,1,1,1,1,1,1,1,1,1,1,
39,157,1,1,1,1,1,1,1,1,1,1,1,1,
39,158,1,1,1,1,1,1,1,1,1,1,1,1,
39,159,1,1,1,1,1,1,1,1,1,1,1,1,
39,160,1,1,1,1,1,1,1,1,1,1,1,1,
39,161,1,1,1,1,1,1,1,1,1,1,1,1,
39,162,1,1,1,1,1,1,1,1,1,1,1,1,
39,163,1,1,1,1,1,1,1,1,1,1,1,1,
39,164,1,1,1,1,1,1,1,1,1,1,1,1,
39,165,1,1,1,1,1,1,1,1,1,1,1,1,
39,166,1,1,1,1,1,1,1,1,1,1,1,1,
39,167,1,1,1,1,1,1,1,1,1,1,1,1,
39,168,1,1,1,1,1,1,1,1,1,1,1,1,
39,169,1,1,1,1,1,1,1,1,1,1,1,1,
39,170,1,1,1,1,1,1,1,1,1,1,1,1,
39,171,1,1,1,1,1,1,1,1,1,1,1,1,
39,172,1,1,1,1,1,1,1,1,1,1,1,1,
39,173,1,1,1,1,1,1,1,1,1,1,1,1,
39,174,1,1,1,1,1,1,1,1,1,1,1,1,
39,175,1,1,1,1,1,1,1,1,1,1,1,1,
39,176,1,1,1,1,1,1,1,1,1,1,1,1,
39,177,1,1,1,1,1,1,1,1,1,1,1,1,
39,178,1,1,1,1,1,1,1,1,1,1,1,1,
39,179,1,1,1,1,1,1,1,1,1,1,1,1,
39,180,1,1,1,1,1,1,1,1,1,1,1,1,
39,181,1,1,1,1,1,1,1,1,1,1,1,1,
39,182,1,1,1,1,1,1,1,1,1,1,1,1,
39,183,1,1,1,1,1,1,1,1,1,1,1,1,
39,184,1,1,1,1,1,1,1,1,1,1,1,1,
39,185,1,1,1,1,1,1,1,1,1,1,1,1,
39,186,1,1,1,1,1,1,1,1,1,1,1,1,
39,187,1,1,1,1,1,1,1,1,1,1,1,1,
39,188,1,1,1,1,1,1,1,1,1,1,1,1,
39,189,1,1,1,1,1,1,1,1,1,1,1,1,
39,190,1,1,1,1,1,1,1,1,1,1,1,1,
39,191,1,1,1,1,1,1,1,1,1,1,1,1,
39,192,1,1,1,1,1,1,1,1,1,1,1,1,
39,193,1,1,1,1,1,1,1,1,1,1,1,1,
39,194,1,1,1,1,1,1,1,1,1,1,1,1,
39,195,1,1,1,1,1,1,1,1,1,1,1,1,
39,196,1,1,1,1,1,1,1,1,1,1,1,1,
39,197,1,1,1,1,1,1,1,1,1,1,1,1,
39,198,1,1,1,1,1,1,1,1,1,1,1,1,
39,199,1,1,1,1,1,1,1,1,1,1,1,1,
39,200,1,1,1,1,1,1,1,1,1,1,1,1,
39,201,1,1,1,1,1,1,1,1,1,1,1,1,
39,202,1,1,1,1,1,1,1,1,1,1,1,1,
39,203,1,1,1,1,1,1,1,1,1,1,1,1,
39,204,1,1,1,1,1,1,1,1,1,1,1,1,
39,205,1,1,1,1,1,1,1,1,1,1,1,1,
39,206,1,1,1,1,1,1,1,1,1,1,1,1,
39,207,1,1,1,1,1,1,1,1,1,1,1,1,
39,208,1,1,1,1,1,1,1,1,1,1,1,1,
39,209,1,1,1,1,1,1,1,1,1,1,1,1,
39,210,1,1,1,1,1,1,1,1,1,1,1,1,
39,211,1,1,1,1,1,1,1,1,1,1,1,1,
39,212,1,1,1,1,1,1,1,1,1,1,1,1,
39,213,1,1,1,1,1,1,1,1,1,1,1,1,
39,214,1,1,1,1,1,1,1,1,1,1,1,1,
39,215,1,1,1,1,1,1,1,1,1,1,1,1,
39,216,1,1,1,1,1,1,1,1,1,1,1,1,
39,217,1,1,1,1,1,1,1,1,1,1,1,1,
39,218,1,1,1,1,1,1,1,1,1,1,1,1,
39,219,1,1,1,1,1,1,1,1,1,1,1,1,
39,220,1,1,1,1,1,1,1,1,1,1,1,1,
39,221,1,1,1,1,1,1,1,1,1,1,1,1,
39,222,1,1,1,1,1,1,1,1,1,1,1,1,
39,223,1,1,1,1,1,1,1,1,1,1,1,1,
39,224,1,1,1,1,1,1,1,1,1,1,1,1,
39,225,1,1,1,1,1,1,1,1,1,1,1,1,
39,226,1,1,1,1,1,1,1,1,1,1,1,1,
39,227,1,1,1,1,1,1,1,1,1,1,1,1,
39,228,1,1,1,1,1,1,1,1,1,1,1,1,
39,229,1,1,1,1,1,1,1,1,1,1,1,1,
39,230,1,1,1,1,1,1,1,1,1,1,1,1,
39,231,1,1,1,1,1,1,1,1,1,1,1,1,
39,232,1,1,1,1,1,1,1,1,1,1,1,1,
39,233,1,1,1,1,1,1,1,1,1,1,1,1,
39,234,1,1,1,1,1,1,1,1,1,1,1,1,
39,235,1,1,1,1,1,1,1,1,1,1,1,1,
39,236,1,1,1,1,1,1,1,1,1,1,1,1,
39,237,1,1,1,1,1,1,1,1,1,1,1,1,
39,238,1,1,1,1,1,1,1,1,1,1,1,1,
39,239,1,1,1,1,1,1,1,1,1,1,1,1,
39,240,1,1,1,1,1,1,1,1,1,1,1,1,
39,241,1,1,1,1,1,1,1,1,1,1,1,1,
39,242,1,1,1,1,1,1,1,1,1,1,1,1,
39,243,1,1,1,1,1,1,1,1,1,1,1,1,
39,244,1,1,1,1,1,1,1,1,1,1,1,1,
39,245,1,1,1,1,1,1,1,1,1,1,1,1,
39,246,1,1,1,1,1,1,1,1,1,1,1,1,
39,247,1,1,1,1,1,1,1,1,1,1,1,1,
39,248,1,1,1,1,1,1,1,1,1,1,1,1,
39,249,1,1,1,1,1,1,1,1,1,1,1,1,
39,250,1,1,1,1,1,1,1,1,1,1,1,1,
39,251,1,1,1,1,1,1,1,1,1,1,1,1,
39,252,1,1,1,1,1,1,1,1,1,1,1,1,
39,253,1,1,1,1,1,1,1,1,1,1,1,1,
39,254,1,1,1,1,1,1,1,1,1,1,1,1,
39,255,1,1,1,1,1,1,1,1,1,1,1,1,
39,256,1,1,1,1,1,1,1,1,1,1,1,1,
39,257,1,1,1,1,1,1,1,1,1,1,1,1,
39,258,1,1,1,1,1,1,1,1,1,1,1,1,
39,259,1,1,1,1,1,1,1,1,1,1,1,1,
39,260,1,1,1,1,1,1,1,1,1,1,1,1,
39,261,1,1,1,1,1,1,1,1,1,1,1,1,
39,262,1,1,1,1,1,1,1,1,1,1,1,1,
39,263,1,1,1,1,1,1,1,1,1,1,1,1,
39,264,1,1,1,1,1,1,1,1,1,1,1,1,
39,265,1,1,1,1,1,1,1,1,1,1,1,1,
39,266,1,1,1,1,1,1,1,1,1,1,1,1,
39,267,1,1,1,1,1,1,1,1,1,1,1,1,
39,268,1,1,1,1,1,1,1,1,1,1,1,1,
39,269,1,1,1,1,1,1,1,1,1,1,1,1,
39,270,1,1,1,1,1,1,1,1,1,1,1,1,
39,271,1,1,1,1,1,1,1,1,1,1,1,1,
39,272,1,1,1,1,1,1,1,1,1,1,1,1,
39,273,1,1,1,1,1,1,1,1,1,1,1,1,
39,274,1,1,1,1,1,1,1,1,1,1,1,1,
39,275,1,1,1,1,1,1,1,1,1,1,1,1,
39,276,1,1,1,1,1,1,1,1,1,1,1,1,
39,277,1,1,1,1,1,1,1,1,1,1,1,1,
39,278,1,1,1,1,1,1,1,1,1,1,1,1,
39,279,1,1,1,1,1,1,1,1,1,1,1,1,
39,280,1,1,1,1,1,1,1,1,1,1,1,1,
39,281,1,1,1,1,1,1,1,1,1,1,1,1,
39,282,1,1,1,1,1,1,1,1,1,1,1,1,
39,283,1,1,1,1,1,1,1,1,1,1,1,1,
39,284,1,1,1,1,1,1,1,1,1,1,1,1,
39,285,1,1,1,1,1,1,1,1,1,1,1,1,
39,286,1,1,1,1,1,1,1,1,1,1,1,1,
39,287,1,1,1,1,1,1,1,1,1,1,1,1,
39,288,1,1,1,1,1,1,1,1,1,1,1,1,
39,289,1,1,1,1,1,1,1,1,1,1,1,1,
39,290,1,1,1,1,1,1,1,1,1,1,1,1,
39,291,1,1,1,1,1,1,1,1,1,1,1,1,
39,292,1,1,1,1,1,1,1,1,1,1,1,1,
39,293,1,1,1,1,1,1,1,1,1,1,1,1,
39,294,1,1,1,1,1,1,1,1,1,1,1,1,
39,295,1,1,1,1,1,1,1,1,1,1,1,1,
39,296,1,1,1,1,1,1,1,1,1,1,1,1,
39,297,1,1,1,1,1,1,1,1,1,1,1,1,
39,298,1,1,1,1,1,1,1,1,1,1,1,1,
39,299,1,1,1,1,1,1,1,1,1,1,1,1,
39,300,1,1,1,1,1,1,1,1,1,1,1,1,
40,1,1,1,1,1,1,1,1,1,1,1,1,1,
40,2,1,1,1,1,1,1,1,1,1,1,1,1,
40,3,1,1,1,1,1,1,1,1,1,1,1,1,
40,4,1,1,1,1,1,1,1,1,1,1,1,1,
40,5,1,1,1,1,1,1,1,1,1,1,1,1,
40,6,1,1,1,1,1,1,1,1,1,1,1,1,
40,7,1,1,1,1,1,1,1,1,1,1,1,1,
40,8,1,1,1,1,1,1,1,1,1,1,1,1,
40,9,1,1,1,1,1,1,1,1,1,1,1,1,
40,10,1,1,1,1,1,1,1,1,1,1,1,1,
40,11,1,1,1,1,1,1,1,1,1,1,1,1,
40,12,1,1,1,1,1,1,1,1,1,1,1,1,
40,13,1,1,1,1,1,1,1,1,1,1,1,1,
40,14,1,1,1,1,1,1,1,1,1,1,1,1,
40,15,1,1,1,1,1,1,1,1,1,1,1,1,
40,16,1,1,1,1,1,1,1,1,1,1,1,1,
40,17,1,1,1,1,1,1,1,1,1,1,1,1,
40,18,1,1,1,1,1,1,1,1,1,1,1,1,
40,19,1,1,1,1,1,1,1,1,1,1,1,1,
40,20,1,1,1,1,1,1,1,1,1,1,1,1,
40,21,1,1,1,1,1,1,1,1,1,1,1,1,
40,22,1,1,1,1,1,1,1,1,1,1,1,1,
40,23,1,1,1,1,1,1,1,1,1,1,1,1,
40,24,1,1,1,1,1,1,1,1,1,1,1,1,
40,25,1,1,1,1,1,1,1,1,1,1,1,1,
40,26,1,1,1,1,1,1,1,1,1,1,1,1,
40,27,1,1,1,1,1,1,1,1,1,1,1,1,
40,28,1,1,1,1,1,1,1,1,1,1,1,1,
40,29,1,1,1,1,1,1,1,1,1,1,1,1,
40,30,1,1,1,1,1,1,1,1,1,1,1,1,
40,31,1,1,1,1,1,1,1,1,1,1,1,1,
40,32,1,1,1,1,1,1,1,1,1,1,1,1,
40,33,1,1,1,1,1,1,1,1,1,1,1,1,
40,34,1,1,1,1,1,1,1,1,1,1,1,1,
40,35,1,1,1,1,1,1,1,1,1,1,1,1,
40,36,1,1,1,1,1,1,1,1,1,1,1,1,
40,37,1,1,1,1,1,1,1,1,1,1,1,1,
40,38,1,1,1,1,1,1,1,1,1,1,1,1,
40,39,1,1,1,1,1,1,1,1,1,1,1,1,
40,40,1,1,1,1,1,1,1,1,1,1,1,1,
40,41,1,1,1,1,1,1,1,1,1,1,1,1,
40,42,1,1,1,1,1,1,1,1,1,1,1,1,
40,43,1,1,1,1,1,1,1,1,1,1,1,1,
40,44,1,1,1,1,1,1,1,1,1,1,1,1,
40,45,1,1,1,1,1,1,1,1,1,1,1,1,
40,46,1,1,1,1,1,1,1,1,1,1,1,1,
40,47,1,1,1,1,1,1,1,1,1,1,1,1,
40,48,1,1,1,1,1,1,1,1,1,1,1,1,
40,49,1,1,1,1,1,1,1,1,1,1,1,1,
40,50,1,1,1,1,1,1,1,1,1,1,1,1,
40,51,1,1,1,1,1,1,1,1,1,1,1,1,
40,52,1,1,1,1,1,1,1,1,1,1,1,1,
40,53,1,1,1,1,1,1,1,1,1,1,1,1,
40,54,1,1,1,1,1,1,1,1,1,1,1,1,
40,55,1,1,1,1,1,1,1,1,1,1,1,1,
40,56,1,1,1,1,1,1,1,1,1,1,1,1,
40,57,1,1,1,1,1,1,1,1,1,1,1,1,
40,58,1,1,1,1,1,1,1,1,1,1,1,1,
40,59,1,1,1,1,1,1,1,1,1,1,1,1,
40,60,1,1,1,1,1,1,1,1,1,1,1,1,
40,61,1,1,1,1,1,1,1,1,1,1,1,1,
40,62,1,1,1,1,1,1,1,1,1,1,1,1,
40,63,1,1,1,1,1,1,1,1,1,1,1,1,
40,64,1,1,1,1,1,1,1,1,1,1,1,1,
40,65,1,1,1,1,1,1,1,1,1,1,1,1,
40,66,1,1,1,1,1,1,1,1,1,1,1,1,
40,67,1,1,1,1,1,1,1,1,1,1,1,1,
40,68,1,1,1,1,1,1,1,1,1,1,1,1,
40,69,1,1,1,1,1,1,1,1,1,1,1,1,
40,70,1,1,1,1,1,1,1,1,1,1,1,1,
40,71,1,1,1,1,1,1,1,1,1,1,1,1,
40,72,1,1,1,1,1,1,1,1,1,1,1,1,
40,73,1,1,1,1,1,1,1,1,1,1,1,1,
40,74,1,1,1,1,1,1,1,1,1,1,1,1,
40,75,1,1,1,1,1,1,1,1,1,1,1,1,
40,76,1,1,1,1,1,1,1,1,1,1,1,1,
40,77,1,1,1,1,1,1,1,1,1,1,1,1,
40,78,1,1,1,1,1,1,1,1,1,1,1,1,
40,79,1,1,1,1,1,1,1,1,1,1,1,1,
40,80,1,1,1,1,1,1,1,1,1,1,1,1,
40,81,1,1,1,1,1,1,1,1,1,1,1,1,
40,82,1,1,1,1,1,1,1,1,1,1,1,1,
40,83,1,1,1,1,1,1,1,1,1,1,1,1,
40,84,1,1,1,1,1,1,1,1,1,1,1,1,
40,85,1,1,1,1,1,1,1,1,1,1,1,1,
40,86,1,1,1,1,1,1,1,1,1,1,1,1,
40,87,1,1,1,1,1,1,1,1,1,1,1,1,
40,88,1,1,1,1,1,1,1,1,1,1,1,1,
40,89,1,1,1,1,1,1,1,1,1,1,1,1,
40,90,1,1,1,1,1,1,1,1,1,1,1,1,
40,91,1,1,1,1,1,1,1,1,1,1,1,1,
40,92,1,1,1,1,1,1,1,1,1,1,1,1,
40,93,1,1,1,1,1,1,1,1,1,1,1,1,
40,94,1,1,1,1,1,1,1,1,1,1,1,1,
40,95,1,1,1,1,1,1,1,1,1,1,1,1,
40,96,1,1,1,1,1,1,1,1,1,1,1,1,
40,97,1,1,1,1,1,1,1,1,1,1,1,1,
40,98,1,1,1,1,1,1,1,1,1,1,1,1,
40,99,1,1,1,1,1,1,1,1,1,1,1,1,
40,100,1,1,1,1,1,1,1,1,1,1,1,1,
40,101,1,1,1,1,1,1,1,1,1,1,1,1,
40,102,1,1,1,1,1,1,1,1,1,1,1,1,
40,103,1,1,1,1,1,1,1,1,1,1,1,1,
40,104,1,1,1,1,1,1,1,1,1,1,1,1,
40,105,1,1,1,1,1,1,1,1,1,1,1,1,
40,106,1,1,1,1,1,1,1,1,1,1,1,1,
40,107,1,1,1,1,1,1,1,1,1,1,1,1,
40,108,1,1,1,1,1,1,1,1,1,1,1,1,
40,109,1,1,1,1,1,1,1,1,1,1,1,1,
40,110,1,1,1,1,1,1,1,1,1,1,1,1,
40,111,1,1,1,1,1,1,1,1,1,1,1,1,
40,112,1,1,1,1,1,1,1,1,1,1,1,1,
40,113,1,1,1,1,1,1,1,1,1,1,1,1,
40,114,1,1,1,1,1,1,1,1,1,1,1,1,
40,115,1,1,1,1,1,1,1,1,1,1,1,1,
40,116,1,1,1,1,1,1,1,1,1,1,1,1,
40,117,1,1,1,1,1,1,1,1,1,1,1,1,
40,118,1,1,1,1,1,1,1,1,1,1,1,1,
40,119,1,1,1,1,1,1,1,1,1,1,1,1,
40,120,1,1,1,1,1,1,1,1,1,1,1,1,
40,121,1,1,1,1,1,1,1,1,1,1,1,1,
40,122,1,1,1,1,1,1,1,1,1,1,1,1,
40,123,1,1,1,1,1,1,1,1,1,1,1,1,
40,124,1,1,1,1,1,1,1,1,1,1,1,1,
40,125,1,1,1,1,1,1,1,1,1,1,1,1,
40,126,1,1,1,1,1,1,1,1,1,1,1,1,
40,127,1,1,1,1,1,1,1,1,1,1,1,1,
40,128,1,1,1,1,1,1,1,1,1,1,1,1,
40,129,1,1,1,1,1,1,1,1,1,1,1,1,
40,130,1,1,1,1,1,1,1,1,1,1,1,1,
40,131,1,1,1,1,1,1,1,1,1,1,1,1,
40,132,1,1,1,1,1,1,1,1,1,1,1,1,
40,133,1,1,1,1,1,1,1,1,1,1,1,1,
40,134,1,1,1,1,1,1,1,1,1,1,1,1,
40,135,1,1,1,1,1,1,1,1,1,1,1,1,
40,136,1,1,1,1,1,1,1,1,1,1,1,1,
40,137,1,1,1,1,1,1,1,1,1,1,1,1,
40,138,1,1,1,1,1,1,1,1,1,1,1,1,
40,139,1,1,1,1,1,1,1,1,1,1,1,1,
40,140,1,1,1,1,1,1,1,1,1,1,1,1,
40,141,1,1,1,1,1,1,1,1,1,1,1,1,
40,142,1,1,1,1,1,1,1,1,1,1,1,1,
40,143,1,1,1,1,1,1,1,1,1,1,1,1,
40,144,1,1,1,1,1,1,1,1,1,1,1,1,
40,145,1,1,1,1,1,1,1,1,1,1,1,1,
40,146,1,1,1,1,1,1,1,1,1,1,1,1,
40,147,1,1,1,1,1,1,1,1,1,1,1,1,
40,148,1,1,1,1,1,1,1,1,1,1,1,1,
40,149,1,1,1,1,1,1,1,1,1,1,1,1,
40,150,1,1,1,1,1,1,1,1,1,1,1,1,
40,151,1,1,1,1,1,1,1,1,1,1,1,1,
40,152,1,1,1,1,1,1,1,1,1,1,1,1,
40,153,1,1,1,1,1,1,1,1,1,1,1,1,
40,154,1,1,1,1,1,1,1,1,1,1,1,1,
40,155,1,1,1,1,1,1,1,1,1,1,1,1,
40,156,1,1,1,1,1,1,1,1,1,1,1,1,
40,157,1,1,1,1,1,1,1,1,1,1,1,1,
40,158,1,1,1,1,1,1,1,1,1,1,1,1,
40,159,1,1,1,1,1,1,1,1,1,1,1,1,
40,160,1,1,1,1,1,1,1,1,1,1,1,1,
40,161,1,1,1,1,1,1,1,1,1,1,1,1,
40,162,1,1,1,1,1,1,1,1,1,1,1,1,
40,163,1,1,1,1,1,1,1,1,1,1,1,1,
40,164,1,1,1,1,1,1,1,1,1,1,1,1,
40,165,1,1,1,1,1,1,1,1,1,1,1,1,
40,166,1,1,1,1,1,1,1,1,1,1,1,1,
40,167,1,1,1,1,1,1,1,1,1,1,1,1,
40,168,1,1,1,1,1,1,1,1,1,1,1,1,
40,169,1,1,1,1,1,1,1,1,1,1,1,1,
40,170,1,1,1,1,1,1,1,1,1,1,1,1,
40,171,1,1,1,1,1,1,1,1,1,1,1,1,
40,172,1,1,1,1,1,1,1,1,1,1,1,1,
40,173,1,1,1,1,1,1,1,1,1,1,1,1,
40,174,1,1,1,1,1,1,1,1,1,1,1,1,
40,175,1,1,1,1,1,1,1,1,1,1,1,1,
40,176,1,1,1,1,1,1,1,1,1,1,1,1,
40,177,1,1,1,1,1,1,1,1,1,1,1,1,
40,178,1,1,1,1,1,1,1,1,1,1,1,1,
40,179,1,1,1,1,1,1,1,1,1,1,1,1,
40,180,1,1,1,1,1,1,1,1,1,1,1,1,
40,181,1,1,1,1,1,1,1,1,1,1,1,1,
40,182,1,1,1,1,1,1,1,1,1,1,1,1,
40,183,1,1,1,1,1,1,1,1,1,1,1,1,
40,184,1,1,1,1,1,1,1,1,1,1,1,1,
40,185,1,1,1,1,1,1,1,1,1,1,1,1,
40,186,1,1,1,1,1,1,1,1,1,1,1,1,
40,187,1,1,1,1,1,1,1,1,1,1,1,1,
40,188,1,1,1,1,1,1,1,1,1,1,1,1,
40,189,1,1,1,1,1,1,1,1,1,1,1,1,
40,190,1,1,1,1,1,1,1,1,1,1,1,1,
40,191,1,1,1,1,1,1,1,1,1,1,1,1,
40,192,1,1,1,1,1,1,1,1,1,1,1,1,
40,193,1,1,1,1,1,1,1,1,1,1,1,1,
40,194,1,1,1,1,1,1,1,1,1,1,1,1,
40,195,1,1,1,1,1,1,1,1,1,1,1,1,
40,196,1,1,1,1,1,1,1,1,1,1,1,1,
40,197,1,1,1,1,1,1,1,1,1,1,1,1,
40,198,1,1,1,1,1,1,1,1,1,1,1,1,
40,199,1,1,1,1,1,1,1,1,1,1,1,1,
40,200,1,1,1,1,1,1,1,1,1,1,1,1,
40,201,1,1,1,1,1,1,1,1,1,1,1,1,
40,202,1,1,1,1,1,1,1,1,1,1,1,1,
40,203,1,1,1,1,1,1,1,1,1,1,1,1,
40,204,1,1,1,1,1,1,1,1,1,1,1,1,
40,205,1,1,1,1,1,1,1,1,1,1,1,1,
40,206,1,1,1,1,1,1,1,1,1,1,1,1,
40,207,1,1,1,1,1,1,1,1,1,1,1,1,
40,208,1,1,1,1,1,1,1,1,1,1,1,1,
40,209,1,1,1,1,1,1,1,1,1,1,1,1,
40,210,1,1,1,1,1,1,1,1,1,1,1,1,
40,211,1,1,1,1,1,1,1,1,1,1,1,1,
40,212,1,1,1,1,1,1,1,1,1,1,1,1,
40,213,1,1,1,1,1,1,1,1,1,1,1,1,
40,214,1,1,1,1,1,1,1,1,1,1,1,1,
40,215,1,1,1,1,1,1,1,1,1,1,1,1,
40,216,1,1,1,1,1,1,1,1,1,1,1,1,
40,217,1,1,1,1,1,1,1,1,1,1,1,1,
40,218,1,1,1,1,1,1,1,1,1,1,1,1,
40,219,1,1,1,1,1,1,1,1,1,1,1,1,
40,220,1,1,1,1,1,1,1,1,1,1,1,1,
40,221,1,1,1,1,1,1,1,1,1,1,1,1,
40,222,1,1,1,1,1,1,1,1,1,1,1,1,
40,223,1,1,1,1,1,1,1,1,1,1,1,1,
40,224,1,1,1,1,1,1,1,1,1,1,1,1,
40,225,1,1,1,1,1,1,1,1,1,1,1,1,
40,226,1,1,1,1,1,1,1,1,1,1,1,1,
40,227,1,1,1,1,1,1,1,1,1,1,1,1,
40,228,1,1,1,1,1,1,1,1,1,1,1,1,
40,229,1,1,1,1,1,1,1,1,1,1,1,1,
40,230,1,1,1,1,1,1,1,1,1,1,1,1,
40,231,1,1,1,1,1,1,1,1,1,1,1,1,
40,232,1,1,1,1,1,1,1,1,1,1,1,1,
40,233,1,1,1,1,1,1,1,1,1,1,1,1,
40,234,1,1,1,1,1,1,1,1,1,1,1,1,
40,235,1,1,1,1,1,1,1,1,1,1,1,1,
40,236,1,1,1,1,1,1,1,1,1,1,1,1,
40,237,1,1,1,1,1,1,1,1,1,1,1,1,
40,238,1,1,1,1,1,1,1,1,1,1,1,1,
40,239,1,1,1,1,1,1,1,1,1,1,1,1,
40,240,1,1,1,1,1,1,1,1,1,1,1,1,
40,241,1,1,1,1,1,1,1,1,1,1,1,1,
40,242,1,1,1,1,1,1,1,1,1,1,1,1,
40,243,1,1,1,1,1,1,1,1,1,1,1,1,
40,244,1,1,1,1,1,1,1,1,1,1,1,1,
40,245,1,1,1,1,1,1,1,1,1,1,1,1,
40,246,1,1,1,1,1,1,1,1,1,1,1,1,
40,247,1,1,1,1,1,1,1,1,1,1,1,1,
40,248,1,1,1,1,1,1,1,1,1,1,1,1,
40,249,1,1,1,1,1,1,1,1,1,1,1,1,
40,250,1,1,1,1,1,1,1,1,1,1,1,1,
40,251,1,1,1,1,1,1,1,1,1,1,1,1,
40,252,1,1,1,1,1,1,1,1,1,1,1,1,
40,253,1,1,1,1,1,1,1,1,1,1,1,1,
40,254,1,1,1,1,1,1,1,1,1,1,1,1,
40,255,1,1,1,1,1,1,1,1,1,1,1,1,
40,256,1,1,1,1,1,1,1,1,1,1,1,1,
40,257,1,1,1,1,1,1,1,1,1,1,1,1,
40,258,1,1,1,1,1,1,1,1,1,1,1,1,
40,259,1,1,1,1,1,1,1,1,1,1,1,1,
40,260,1,1,1,1,1,1,1,1,1,1,1,1,
40,261,1,1,1,1,1,1,1,1,1,1,1,1,
40,262,1,1,1,1,1,1,1,1,1,1,1,1,
40,263,1,1,1,1,1,1,1,1,1,1,1,1,
40,264,1,1,1,1,1,1,1,1,1,1,1,1,
40,265,1,1,1,1,1,1,1,1,1,1,1,1,
40,266,1,1,1,1,1,1,1,1,1,1,1,1,
40,267,1,1,1,1,1,1,1,1,1,1,1,1,
40,268,1,1,1,1,1,1,1,1,1,1,1,1,
40,269,1,1,1,1,1,1,1,1,1,1,1,1,
40,270,1,1,1,1,1,1,1,1,1,1,1,1,
40,271,1,1,1,1,1,1,1,1,1,1,1,1,
40,272,1,1,1,1,1,1,1,1,1,1,1,1,
40,273,1,1,1,1,1,1,1,1,1,1,1,1,
40,274,1,1,1,1,1,1,1,1,1,1,1,1,
40,275,1,1,1,1,1,1,1,1,1,1,1,1,
40,276,1,1,1,1,1,1,1,1,1,1,1,1,
40,277,1,1,1,1,1,1,1,1,1,1,1,1,
40,278,1,1,1,1,1,1,1,1,1,1,1,1,
40,279,1,1,1,1,1,1,1,1,1,1,1,1,
40,280,1,1,1,1,1,1,1,1,1,1,1,1,
40,281,1,1,1,1,1,1,1,1,1,1,1,1,
40,282,1,1,1,1,1,1,1,1,1,1,1,1,
40,283,1,1,1,1,1,1,1,1,1,1,1,1,
40,284,1,1,1,1,1,1,1,1,1,1,1,1,
40,285,1,1,1,1,1,1,1,1,1,1,1,1,
40,286,1,1,1,1,1,1,1,1,1,1,1,1,
40,287,1,1,1,1,1,1,1,1,1,1,1,1,
40,288,1,1,1,1,1,1,1,1,1,1,1,1,
40,289,1,1,1,1,1,1,1,1,1,1,1,1,
40,290,1,1,1,1,1,1,1,1,1,1,1,1,
40,291,1,1,1,1,1,1,1,1,1,1,1,1,
40,292,1,1,1,1,1,1,1,1,1,1,1,1,
40,293,1,1,1,1,1,1,1,1,1,1,1,1,
40,294,1,1,1,1,1,1,1,1,1,1,1,1,
40,295,1,1,1,1,1,1,1,1,1,1,1,1,
40,296,1,1,1,1,1,1,1,1,1,1,1,1,
40,297,1,1,1,1,1,1,1,1,1,1,1,1,
40,298,1,1,1,1,1,1,1,1,1,1,1,1,
40,299,1,1,1,1,1,1,1,1,1,1,1,1,
40,300,1,1,1,1,1,1,1,1,1,1,1,1,
